{
"type": "FeatureCollection",
"name": "building_eligibility_goma",
"crs": { "type": "name", "properties": { "name": "urn:ogc:def:crs:OGC:1.3:CRS84" } },
"features": [
{ "type": "Feature", "properties": { "fid": 21460, "gref": "GOMA-BAT-1", "is_eligible": "false" }, "geometry": { "type": "Polygon", "coordinates": [ [ [ 29.179638416273761, -1.665803910283651 ], [ 29.179631852093252, -1.665800209344996 ], [ 29.179605810404926, -1.665846982849947 ], [ 29.17956029582621, -1.665821321358326 ], [ 29.179537812168778, -1.665808644887424 ], [ 29.179563853860571, -1.665761871381902 ], [ 29.179589836578284, -1.66571735846442 ], [ 29.179616928871642, -1.665670732491971 ], [ 29.17967457945052, -1.66570465466927 ], [ 29.179647487160143, -1.66575128064132 ], [ 29.179662938803617, -1.665759865341135 ], [ 29.179638416273761, -1.665803910283651 ] ] ] } },
{ "type": "Feature", "properties": { "fid": 21465, "gref": "GOMA-BAT-2", "is_eligible": "false" }, "geometry": { "type": "Polygon", "coordinates": [ [ [ 29.179580628511005, -1.665414607671257 ], [ 29.179618543887599, -1.665436476206422 ], [ 29.179560288504039, -1.665538756999145 ], [ 29.179522373123181, -1.665516888464613 ], [ 29.179580628511005, -1.665414607671257 ] ] ] } },
{ "type": "Feature", "properties": { "fid": 21467, "gref": "GOMA-BAT-3", "is_eligible": "true" }, "geometry": { "type": "Polygon", "coordinates": [ [ [ 29.179514218518982, -1.665724070751172 ], [ 29.17955176391709, -1.665745196807475 ], [ 29.17953422461861, -1.665776762309074 ], [ 29.179496679219209, -1.665755636252985 ], [ 29.179514218518982, -1.665724070751172 ] ] ] } },
{ "type": "Feature", "properties": { "fid": 21468, "gref": "GOMA-BAT-4", "is_eligible": "true" }, "geometry": { "type": "Polygon", "coordinates": [ [ [ 29.179479114637456, -1.665400496557646 ], [ 29.179512130782584, -1.665418525505348 ], [ 29.179488972920311, -1.665467501791456 ], [ 29.179455100833962, -1.665451283060331 ], [ 29.179479114637456, -1.665400496557646 ] ] ] } },
{ "type": "Feature", "properties": { "fid": 21469, "gref": "GOMA-BAT-5", "is_eligible": "true" }, "geometry": { "type": "Polygon", "coordinates": [ [ [ 29.180289605568159, -1.666092705916391 ], [ 29.180378282890338, -1.666129263126472 ], [ 29.180347130821769, -1.666205785508009 ], [ 29.180216499392845, -1.666151932729717 ], [ 29.180235934813631, -1.666104191299431 ], [ 29.180277888911899, -1.666121486870736 ], [ 29.180289605568159, -1.666092705916391 ] ] ] } },
{ "type": "Feature", "properties": { "fid": 21470, "gref": "GOMA-BAT-6", "is_eligible": "true" }, "geometry": { "type": "Polygon", "coordinates": [ [ [ 29.180081014357839, -1.665552323598348 ], [ 29.180121987198685, -1.665588320526898 ], [ 29.180090436730822, -1.665624686792068 ], [ 29.180049463888068, -1.665588689863107 ], [ 29.180081014357839, -1.665552323598348 ] ] ] } },
{ "type": "Feature", "properties": { "fid": 21473, "gref": "GOMA-BAT-7", "is_eligible": "true" }, "geometry": { "type": "Polygon", "coordinates": [ [ [ 29.179505766831447, -1.665895239411233 ], [ 29.179593533401288, -1.665951878691451 ], [ 29.179567452140144, -1.66599280495684 ], [ 29.179479685566175, -1.665936165676887 ], [ 29.179505766831447, -1.665895239411233 ] ] ] } },
{ "type": "Feature", "properties": { "fid": 21478, "gref": "GOMA-BAT-8", "is_eligible": "true" }, "geometry": { "type": "Polygon", "coordinates": [ [ [ 29.179605810404926, -1.665846982849947 ], [ 29.179631852093252, -1.665800209344996 ], [ 29.179638416273761, -1.665803910283651 ], [ 29.179666719284523, -1.66575307521534 ], [ 29.179726781964231, -1.665786939045144 ], [ 29.179712125049619, -1.665813264348038 ], [ 29.179741979033889, -1.665830096266012 ], [ 29.179699463976267, -1.665906457620437 ], [ 29.179677236222581, -1.66589392543446 ], [ 29.179670638392096, -1.665905775806739 ], [ 29.179596385290768, -1.665863911308014 ], [ 29.179605810404926, -1.665846982849947 ] ] ] } },
{ "type": "Feature", "properties": { "fid": 21480, "gref": "GOMA-BAT-9", "is_eligible": "true" }, "geometry": { "type": "Polygon", "coordinates": [ [ [ 29.179799764438048, -1.666033500221055 ], [ 29.179955087608789, -1.666142654761043 ], [ 29.180036043596989, -1.666199547181299 ], [ 29.179994756401435, -1.66625904101682 ], [ 29.179982167463152, -1.66627718136803 ], [ 29.179926142307874, -1.66623780928004 ], [ 29.179901211467506, -1.666220288947754 ], [ 29.179910711566489, -1.66620659954008 ], [ 29.179804507493014, -1.666131963829514 ], [ 29.179795007392318, -1.666145653237163 ], [ 29.179745888282451, -1.666111134407677 ], [ 29.179799764438048, -1.666033500221055 ] ] ] } },
{ "type": "Feature", "properties": { "fid": 21482, "gref": "GOMA-BAT-10", "is_eligible": "true" }, "geometry": { "type": "Polygon", "coordinates": [ [ [ 29.178920917964881, -1.666958634649437 ], [ 29.178944933815245, -1.666925783710316 ], [ 29.178997736806899, -1.666964874129414 ], [ 29.178973720958627, -1.66699772506864 ], [ 29.178920917964881, -1.666958634649437 ] ] ] } },
{ "type": "Feature", "properties": { "fid": 21486, "gref": "GOMA-BAT-11", "is_eligible": "true" }, "geometry": { "type": "Polygon", "coordinates": [ [ [ 29.179752395201824, -1.666558351129224 ], [ 29.179604010763644, -1.666494082793303 ], [ 29.179655710302089, -1.666373206896336 ], [ 29.179777485102036, -1.666425950066363 ], [ 29.17976397092896, -1.66645754683067 ], [ 29.179790580550392, -1.666469072002217 ], [ 29.179752395201824, -1.666558351129224 ] ] ] } },
{ "type": "Feature", "properties": { "fid": 21487, "gref": "GOMA-BAT-12", "is_eligible": "true" }, "geometry": { "type": "Polygon", "coordinates": [ [ [ 29.180258082943922, -1.666024485243208 ], [ 29.180286619406292, -1.666038803771393 ], [ 29.180262629039166, -1.666087221087393 ], [ 29.180234092575361, -1.666072902559559 ], [ 29.180258082943922, -1.666024485243208 ] ] ] } },
{ "type": "Feature", "properties": { "fid": 21488, "gref": "GOMA-BAT-13", "is_eligible": "true" }, "geometry": { "type": "Polygon", "coordinates": [ [ [ 29.180088972539359, -1.666046365937692 ], [ 29.180135409029692, -1.666044015920885 ], [ 29.180140495524437, -1.666145797374964 ], [ 29.180094059032044, -1.66614814739504 ], [ 29.180088972539359, -1.666046365937692 ] ] ] } },
{ "type": "Feature", "properties": { "fid": 21489, "gref": "GOMA-BAT-14", "is_eligible": "true" }, "geometry": { "type": "Polygon", "coordinates": [ [ [ 29.1799748689807, -1.665904078246499 ], [ 29.180029801236302, -1.665817879466373 ], [ 29.180122086142166, -1.66587743458352 ], [ 29.180067153895706, -1.665963633363059 ], [ 29.1799748689807, -1.665904078246499 ] ] ] } },
{ "type": "Feature", "properties": { "fid": 21490, "gref": "GOMA-BAT-15", "is_eligible": "true" }, "geometry": { "type": "Polygon", "coordinates": [ [ [ 29.180055970782224, -1.666039006157385 ], [ 29.180024795833528, -1.666103009992477 ], [ 29.179900984060868, -1.666041940577288 ], [ 29.179928978554184, -1.665984466400125 ], [ 29.179945655783559, -1.665992692345402 ], [ 29.179966042326111, -1.665950837693865 ], [ 29.180055114868047, -1.665994772198518 ], [ 29.180037908792222, -1.66603009718924 ], [ 29.180055970782224, -1.666039006157385 ] ] ] } },
{ "type": "Feature", "properties": { "fid": 21491, "gref": "GOMA-BAT-16", "is_eligible": "true" }, "geometry": { "type": "Polygon", "coordinates": [ [ [ 29.179976931494199, -1.665720406869294 ], [ 29.179998800044405, -1.665736374399552 ], [ 29.179978127685473, -1.665765044847009 ], [ 29.17995625913451, -1.665749077316723 ], [ 29.179976931494199, -1.665720406869294 ] ] ] } },
{ "type": "Feature", "properties": { "fid": 21492, "gref": "GOMA-BAT-17", "is_eligible": "true" }, "geometry": { "type": "Polygon", "coordinates": [ [ [ 29.179892898128404, -1.665796551136637 ], [ 29.179903518277882, -1.665802104201866 ], [ 29.179928617204133, -1.665753495374346 ], [ 29.179991151488988, -1.665786193309381 ], [ 29.179948454388693, -1.665868884346341 ], [ 29.179875299948488, -1.665830633347342 ], [ 29.179892898128404, -1.665796551136637 ] ] ] } },
{ "type": "Feature", "properties": { "fid": 21493, "gref": "GOMA-BAT-18", "is_eligible": "true" }, "geometry": { "type": "Polygon", "coordinates": [ [ [ 29.180138339752908, -1.665502431033361 ], [ 29.180183166765779, -1.66550665423815 ], [ 29.180176085904861, -1.665582765016626 ], [ 29.180131258889862, -1.665578541813938 ], [ 29.180138339752908, -1.665502431033361 ] ] ] } },
{ "type": "Feature", "properties": { "fid": 21494, "gref": "GOMA-BAT-19", "is_eligible": "true" }, "geometry": { "type": "Polygon", "coordinates": [ [ [ 29.180117158020231, -1.665435675852259 ], [ 29.180119074961446, -1.665385565704803 ], [ 29.18016972239792, -1.665387527722586 ], [ 29.180167805458122, -1.665437637868396 ], [ 29.180117158020231, -1.665435675852259 ] ] ] } },
{ "type": "Feature", "properties": { "fid": 21495, "gref": "GOMA-BAT-20", "is_eligible": "true" }, "geometry": { "type": "Polygon", "coordinates": [ [ [ 29.180116180689467, -1.66546122395919 ], [ 29.180090189021261, -1.665460217075526 ], [ 29.180007446801941, -1.665457011746428 ], [ 29.180011574527889, -1.665349110350528 ], [ 29.180120308408899, -1.665353322570895 ], [ 29.180116180689467, -1.66546122395919 ] ] ] } },
{ "type": "Feature", "properties": { "fid": 21496, "gref": "GOMA-BAT-21", "is_eligible": "true" }, "geometry": { "type": "Polygon", "coordinates": [ [ [ 29.180305908506796, -1.665435783295899 ], [ 29.180367780019509, -1.665454439246937 ], [ 29.18033962548445, -1.665548994153242 ], [ 29.180258301092405, -1.665524472632614 ], [ 29.18027115242916, -1.665481312383543 ], [ 29.180290605302755, -1.665487177956205 ], [ 29.180305908506796, -1.665435783295899 ] ] ] } },
{ "type": "Feature", "properties": { "fid": 21497, "gref": "GOMA-BAT-22", "is_eligible": "true" }, "geometry": { "type": "Polygon", "coordinates": [ [ [ 29.180007446801941, -1.665457011746428 ], [ 29.180090189021261, -1.665460217075526 ], [ 29.180087794991085, -1.665522798713979 ], [ 29.180005052768887, -1.665519593388221 ], [ 29.180007446801941, -1.665457011746428 ] ] ] } },
{ "type": "Feature", "properties": { "fid": 21498, "gref": "GOMA-BAT-23", "is_eligible": "true" }, "geometry": { "type": "Polygon", "coordinates": [ [ [ 29.180056276663187, -1.665058082979919 ], [ 29.180119070701814, -1.665062205493931 ], [ 29.180113280461878, -1.66515151868563 ], [ 29.180033050014025, -1.665145404008034 ], [ 29.180035088850534, -1.665113955411492 ], [ 29.180052579963714, -1.665115103726582 ], [ 29.180056276663187, -1.665058082979919 ] ] ] } },
{ "type": "Feature", "properties": { "fid": 21499, "gref": "GOMA-BAT-24", "is_eligible": "true" }, "geometry": { "type": "Polygon", "coordinates": [ [ [ 29.180103630971669, -1.665163631265014 ], [ 29.180115532017751, -1.665164538290131 ], [ 29.180144124533609, -1.665166415424927 ], [ 29.180138640227472, -1.665251009754675 ], [ 29.180098138548427, -1.665248350770442 ], [ 29.180103630971669, -1.665163631265014 ] ] ] } },
{ "type": "Feature", "properties": { "fid": 21500, "gref": "GOMA-BAT-25", "is_eligible": "true" }, "geometry": { "type": "Polygon", "coordinates": [ [ [ 29.179899209754616, -1.665137381217892 ], [ 29.179956966837189, -1.66518165183553 ], [ 29.179935539091158, -1.665209961101858 ], [ 29.179877782006589, -1.665165690484059 ], [ 29.179899209754616, -1.665137381217892 ] ] ] } },
{ "type": "Feature", "properties": { "fid": 21501, "gref": "GOMA-BAT-26", "is_eligible": "true" }, "geometry": { "type": "Polygon", "coordinates": [ [ [ 29.179734727602881, -1.665180835352587 ], [ 29.179814948971902, -1.665234771285314 ], [ 29.179776303120807, -1.665292978550888 ], [ 29.179696081746339, -1.665239042618333 ], [ 29.179734727602881, -1.665180835352587 ] ] ] } },
{ "type": "Feature", "properties": { "fid": 21502, "gref": "GOMA-BAT-27", "is_eligible": "true" }, "geometry": { "type": "Polygon", "coordinates": [ [ [ 29.179636680891939, -1.665410016159598 ], [ 29.179716039501312, -1.665291942791075 ], [ 29.179806173459443, -1.665353289726393 ], [ 29.179820447591933, -1.665363004979001 ], [ 29.179741088997019, -1.665481078347228 ], [ 29.179636680891939, -1.665410016159598 ] ] ] } },
{ "type": "Feature", "properties": { "fid": 21504, "gref": "GOMA-BAT-28", "is_eligible": "true" }, "geometry": { "type": "Polygon", "coordinates": [ [ [ 29.17974719248031, -1.665008971363442 ], [ 29.17978683026913, -1.665036406651552 ], [ 29.179794584158813, -1.665025062238721 ], [ 29.179829146525879, -1.665048984572793 ], [ 29.179839322006877, -1.665034097223538 ], [ 29.179898428360453, -1.665075007668012 ], [ 29.179845654445959, -1.665152219131661 ], [ 29.179712347926166, -1.665059951065104 ], [ 29.17974719248031, -1.665008971363442 ] ] ] } },
{ "type": "Feature", "properties": { "fid": 21517, "gref": "GOMA-BAT-29", "is_eligible": "true" }, "geometry": { "type": "Polygon", "coordinates": [ [ [ 29.178575679383272, -1.667343704284736 ], [ 29.178660692416159, -1.667376745752271 ], [ 29.178651059344183, -1.667401844524751 ], [ 29.178666550284735, -1.667407865287726 ], [ 29.178655407402953, -1.667436897840459 ], [ 29.178639386235123, -1.667430670997833 ], [ 29.178605616275867, -1.667518657944168 ], [ 29.178558550842308, -1.667500365331263 ], [ 29.178566485378123, -1.667479692059976 ], [ 29.178545785736652, -1.667471646865297 ], [ 29.178558261750997, -1.667439140866481 ], [ 29.178541544009875, -1.667432643290339 ], [ 29.178575679383272, -1.667343704284736 ] ] ] } },
{ "type": "Feature", "properties": { "fid": 21518, "gref": "GOMA-BAT-30", "is_eligible": "true" }, "geometry": { "type": "Polygon", "coordinates": [ [ [ 29.179564065249242, -1.666712493580061 ], [ 29.179627326907948, -1.666747659783234 ], [ 29.179592972280961, -1.666810243607046 ], [ 29.179529710617967, -1.666775077404621 ], [ 29.179564065249242, -1.666712493580061 ] ] ] } },
{ "type": "Feature", "properties": { "fid": 21519, "gref": "GOMA-BAT-31", "is_eligible": "true" }, "geometry": { "type": "Polygon", "coordinates": [ [ [ 29.179574648311938, -1.665414482057182 ], [ 29.179529228923538, -1.665392734212804 ], [ 29.179525231037587, -1.66539081993325 ], [ 29.179512130782584, -1.665418525505348 ], [ 29.179479114637456, -1.665400496557646 ], [ 29.179414390881249, -1.665369505333872 ], [ 29.179437755533232, -1.66532009172131 ], [ 29.179540349254896, -1.665369215957634 ], [ 29.179585768642205, -1.665390963802311 ], [ 29.179574648311938, -1.665414482057182 ] ] ] } },
{ "type": "Feature", "properties": { "fid": 21520, "gref": "GOMA-BAT-32", "is_eligible": "true" }, "geometry": { "type": "Polygon", "coordinates": [ [ [ 29.179570306500782, -1.666148128854941 ], [ 29.179523757503937, -1.666120292789595 ], [ 29.179545072837595, -1.666084196996082 ], [ 29.179657508645015, -1.666151433039855 ], [ 29.179630898509849, -1.666196495160406 ], [ 29.179590915655311, -1.666172585619253 ], [ 29.179583799364028, -1.666184636484625 ], [ 29.179557895402453, -1.666169146048024 ], [ 29.179570306500782, -1.666148128854941 ] ] ] } },
{ "type": "Feature", "properties": { "fid": 21521, "gref": "GOMA-BAT-33", "is_eligible": "true" }, "geometry": { "type": "Polygon", "coordinates": [ [ [ 29.179598339938899, -1.665376077871997 ], [ 29.179541864750913, -1.665348152041819 ], [ 29.179546957690448, -1.665337722086856 ], [ 29.17948242736966, -1.665305813152474 ], [ 29.179511718628696, -1.665245826877742 ], [ 29.179544156656004, -1.665179396262751 ], [ 29.17966191555066, -1.665237625654843 ], [ 29.17965439949112, -1.665253017976799 ], [ 29.179680640033475, -1.665265993391836 ], [ 29.179656688419808, -1.665315044489851 ], [ 29.179633694473996, -1.665303674451758 ], [ 29.179598339938899, -1.665376077871997 ] ] ] } },
{ "type": "Feature", "properties": { "fid": 21522, "gref": "GOMA-BAT-34", "is_eligible": "true" }, "geometry": { "type": "Polygon", "coordinates": [ [ [ 29.17948731164439, -1.666041103938063 ], [ 29.179528405551956, -1.665971514738171 ], [ 29.17957179283853, -1.665997460124495 ], [ 29.179653823991345, -1.666042192035656 ], [ 29.179627018955461, -1.666083120879741 ], [ 29.179641722644011, -1.666091913611275 ], [ 29.179623599629736, -1.66612260347377 ], [ 29.17948731164439, -1.666041103938063 ] ] ] } },
{ "type": "Feature", "properties": { "fid": 21524, "gref": "GOMA-BAT-35", "is_eligible": "true" }, "geometry": { "type": "Polygon", "coordinates": [ [ [ 29.17878734276643, -1.666614506180148 ], [ 29.178814842302952, -1.666507653005164 ], [ 29.178843815308472, -1.666515203811736 ], [ 29.178847440667468, -1.666501116988526 ], [ 29.178897666368972, -1.666514206570398 ], [ 29.178893301603431, -1.666531166460169 ], [ 29.178931750193581, -1.666541186745902 ], [ 29.178904990074276, -1.666645166847854 ], [ 29.17878734276643, -1.666614506180148 ] ] ] } },
{ "type": "Feature", "properties": { "fid": 21526, "gref": "GOMA-BAT-36", "is_eligible": "true" }, "geometry": { "type": "Polygon", "coordinates": [ [ [ 29.178615205768541, -1.666980932053537 ], [ 29.178523711846061, -1.666929169357643 ], [ 29.178563885709885, -1.666857260803823 ], [ 29.178611088532872, -1.666883965809787 ], [ 29.178607188514572, -1.666890946584579 ], [ 29.178641296381684, -1.666910243114777 ], [ 29.178631677475522, -1.666927460321679 ], [ 29.178642767497085, -1.666933734502312 ], [ 29.178616348385145, -1.666981022969781 ], [ 29.178615205768541, -1.666980932053537 ] ] ] } },
{ "type": "Feature", "properties": { "fid": 21527, "gref": "GOMA-BAT-37", "is_eligible": "true" }, "geometry": { "type": "Polygon", "coordinates": [ [ [ 29.178717125305624, -1.667309222036157 ], [ 29.178744369246299, -1.667280900026907 ], [ 29.178808503935862, -1.667343374170216 ], [ 29.178781259997571, -1.667371696180267 ], [ 29.178717125305624, -1.667309222036157 ] ] ] } },
{ "type": "Feature", "properties": { "fid": 21531, "gref": "GOMA-BAT-38", "is_eligible": "true" }, "geometry": { "type": "Polygon", "coordinates": [ [ [ 29.178472929484453, -1.667602276952389 ], [ 29.178515278453247, -1.667509071544967 ], [ 29.178583277663503, -1.667538525653976 ], [ 29.178587310113663, -1.667529098330829 ], [ 29.178643567442997, -1.667553466397492 ], [ 29.178598369339845, -1.667659133465586 ], [ 29.178569708847093, -1.667646719071688 ], [ 29.178472929484453, -1.667602276952389 ] ] ] } },
{ "type": "Feature", "properties": { "fid": 21532, "gref": "GOMA-BAT-39", "is_eligible": "true" }, "geometry": { "type": "Polygon", "coordinates": [ [ [ 29.178340031114473, -1.667432030203924 ], [ 29.178356701160986, -1.66743938929169 ], [ 29.178476421004543, -1.667492240295405 ], [ 29.178515278453247, -1.667509071544967 ], [ 29.178472929484453, -1.667602276952389 ], [ 29.178467244456478, -1.667614813613837 ], [ 29.178456962725495, -1.667610092132402 ], [ 29.178293806092906, -1.667538065725722 ], [ 29.178340031114473, -1.667432030203924 ] ] ] } },
{ "type": "Feature", "properties": { "fid": 21535, "gref": "GOMA-BAT-40", "is_eligible": "true" }, "geometry": { "type": "Polygon", "coordinates": [ [ [ 29.178476421004543, -1.667492240295405 ], [ 29.178356701160986, -1.66743938929169 ], [ 29.178388931710955, -1.667365455673711 ], [ 29.178407782662344, -1.667373777535153 ], [ 29.178427454647753, -1.66732865199273 ], [ 29.178486998077247, -1.66735493778337 ], [ 29.178480286662058, -1.667370333091811 ], [ 29.178521612112032, -1.667388576447535 ], [ 29.178476421004543, -1.667492240295405 ] ] ] } },
{ "type": "Feature", "properties": { "fid": 21536, "gref": "GOMA-BAT-41", "is_eligible": "true" }, "geometry": { "type": "Polygon", "coordinates": [ [ [ 29.178943828503254, -1.666826900447416 ], [ 29.17897669289048, -1.666853855784395 ], [ 29.178921308026773, -1.666922236487376 ], [ 29.178888443636726, -1.666895281149986 ], [ 29.178943828503254, -1.666826900447416 ] ] ] } },
{ "type": "Feature", "properties": { "fid": 21537, "gref": "GOMA-BAT-42", "is_eligible": "true" }, "geometry": { "type": "Polygon", "coordinates": [ [ [ 29.178605415455475, -1.667053544723255 ], [ 29.178638371586754, -1.667069177372306 ], [ 29.178613568403463, -1.667122128190352 ], [ 29.178580612270409, -1.667106495541796 ], [ 29.178605415455475, -1.667053544723255 ] ] ] } },
{ "type": "Feature", "properties": { "fid": 21538, "gref": "GOMA-BAT-43", "is_eligible": "true" }, "geometry": { "type": "Polygon", "coordinates": [ [ [ 29.178752030837519, -1.666878099719429 ], [ 29.178800562365733, -1.666916568103681 ], [ 29.178743270367576, -1.666989762135066 ], [ 29.178694738834977, -1.666951293750319 ], [ 29.178752030837519, -1.666878099719429 ] ] ] } },
{ "type": "Feature", "properties": { "fid": 21539, "gref": "GOMA-BAT-44", "is_eligible": "true" }, "geometry": { "type": "Polygon", "coordinates": [ [ [ 29.179344664344381, -1.66591227268911 ], [ 29.179467102113676, -1.665951588187715 ], [ 29.179437034205971, -1.666046411911462 ], [ 29.179314596426497, -1.666007096417976 ], [ 29.179344664344381, -1.66591227268911 ] ] ] } },
{ "type": "Feature", "properties": { "fid": 21540, "gref": "GOMA-BAT-45", "is_eligible": "true" }, "geometry": { "type": "Polygon", "coordinates": [ [ [ 29.179062637101797, -1.665708800753506 ], [ 29.179052878281482, -1.665731978718738 ], [ 29.179019797943379, -1.665717874333976 ], [ 29.179029556764437, -1.665694696368484 ], [ 29.179062637101797, -1.665708800753506 ] ] ] } },
{ "type": "Feature", "properties": { "fid": 21544, "gref": "GOMA-BAT-46", "is_eligible": "true" }, "geometry": { "type": "Polygon", "coordinates": [ [ [ 29.179110414887777, -1.665947951575139 ], [ 29.179047572737204, -1.666045598899499 ], [ 29.178970478723507, -1.665995356147137 ], [ 29.179000053838916, -1.66594940083699 ], [ 29.178976116567942, -1.665933800733489 ], [ 29.178996462836345, -1.665902185674165 ], [ 29.179026755932522, -1.665921927918427 ], [ 29.179051715004498, -1.665883145250234 ], [ 29.17909791740345, -1.665913255708444 ], [ 29.179085879108616, -1.665931961421164 ], [ 29.179110414887777, -1.665947951575139 ] ] ] } },
{ "type": "Feature", "properties": { "fid": 21545, "gref": "GOMA-BAT-47", "is_eligible": "true" }, "geometry": { "type": "Polygon", "coordinates": [ [ [ 29.179126336617475, -1.665683302728146 ], [ 29.179182247043805, -1.665707141120796 ], [ 29.179173260691485, -1.665728484417411 ], [ 29.179234579844689, -1.665754628911099 ], [ 29.17919043772191, -1.665859469957245 ], [ 29.179171152674076, -1.66585124744167 ], [ 29.179162543972875, -1.665871693790662 ], [ 29.179108497219925, -1.665848650016289 ], [ 29.179099270545045, -1.665870564099837 ], [ 29.179045507394289, -1.665847641242091 ], [ 29.179063402854389, -1.665805138112008 ], [ 29.179033340867658, -1.665792320656973 ], [ 29.179053030166855, -1.665745557021782 ], [ 29.179066339280336, -1.665751231596207 ], [ 29.179083505190405, -1.665710461209071 ], [ 29.179110123416244, -1.66572181035773 ], [ 29.179126336617475, -1.665683302728146 ] ] ] } },
{ "type": "Feature", "properties": { "fid": 21560, "gref": "GOMA-BAT-48", "is_eligible": "true" }, "geometry": { "type": "Polygon", "coordinates": [ [ [ 29.178720720402328, -1.666168960491115 ], [ 29.178700378276851, -1.66615692258778 ], [ 29.178745467243385, -1.666079765161611 ], [ 29.178873682500555, -1.666155639378291 ], [ 29.17882859354502, -1.666232796803038 ], [ 29.178793319376869, -1.666211922537669 ], [ 29.178788090677951, -1.666220870026444 ], [ 29.17871549170269, -1.666177907979984 ], [ 29.178720720402328, -1.666168960491115 ] ] ] } },
{ "type": "Feature", "properties": { "fid": 21582, "gref": "GOMA-BAT-49", "is_eligible": "true" }, "geometry": { "type": "Polygon", "coordinates": [ [ [ 29.178854050155341, -1.665926348665532 ], [ 29.17893835015968, -1.665975109865829 ], [ 29.178946954091334, -1.665980086591416 ], [ 29.178865647288731, -1.66611499259337 ], [ 29.178751463565174, -1.666048945924367 ], [ 29.178795277245946, -1.66597224069098 ], [ 29.178819750901667, -1.665986396857295 ], [ 29.178854050155341, -1.665926348665532 ] ] ] } },
{ "type": "Feature", "properties": { "fid": 21586, "gref": "GOMA-BAT-50", "is_eligible": "true" }, "geometry": { "type": "Polygon", "coordinates": [ [ [ 29.179188698754277, -1.667797315038647 ], [ 29.179222323844613, -1.667819907743898 ], [ 29.179238489214434, -1.667795544106318 ], [ 29.179386341352021, -1.667894885969784 ], [ 29.179312533503953, -1.668006125499289 ], [ 29.179131056253436, -1.667884190931287 ], [ 29.179188698754277, -1.667797315038647 ] ] ] } },
{ "type": "Feature", "properties": { "fid": 21587, "gref": "GOMA-BAT-51", "is_eligible": "true" }, "geometry": { "type": "Polygon", "coordinates": [ [ [ 29.178552445879362, -1.667798060684563 ], [ 29.178378453430668, -1.667721250788944 ], [ 29.178405933648996, -1.667658213925728 ], [ 29.17843113468685, -1.667669339061657 ], [ 29.178456962725495, -1.667610092132402 ], [ 29.178467244456478, -1.667614813613837 ], [ 29.178472929484453, -1.667602276952389 ], [ 29.178569708847093, -1.667646719071688 ], [ 29.178552264291312, -1.667685187929399 ], [ 29.178594777589556, -1.667704710486532 ], [ 29.178552445879362, -1.667798060684563 ] ] ] } },
{ "type": "Feature", "properties": { "fid": 21588, "gref": "GOMA-BAT-52", "is_eligible": "true" }, "geometry": { "type": "Polygon", "coordinates": [ [ [ 29.178823399504385, -1.667501373036942 ], [ 29.178830096924685, -1.667493041947325 ], [ 29.178867474789929, -1.667523470522199 ], [ 29.17886077737003, -1.667531801611869 ], [ 29.178924152292566, -1.667583393865661 ], [ 29.178852374688987, -1.667672679848365 ], [ 29.178700242427443, -1.667548832021807 ], [ 29.17877202004798, -1.667459546041453 ], [ 29.178823399504385, -1.667501373036942 ] ] ] } },
{ "type": "Feature", "properties": { "fid": 21591, "gref": "GOMA-BAT-53", "is_eligible": "true" }, "geometry": { "type": "Polygon", "coordinates": [ [ [ 29.178662369292542, -1.667100811020187 ], [ 29.17870534443442, -1.667143961610793 ], [ 29.178684925331297, -1.667164555046657 ], [ 29.178641950188243, -1.667121404455613 ], [ 29.178662369292542, -1.667100811020187 ] ] ] } },
{ "type": "Feature", "properties": { "fid": 21597, "gref": "GOMA-BAT-54", "is_eligible": "true" }, "geometry": { "type": "Polygon", "coordinates": [ [ [ 29.178878996302561, -1.666663346001835 ], [ 29.178903759831798, -1.666682207218116 ], [ 29.178889523971602, -1.666701134503349 ], [ 29.178864760441794, -1.666682273287024 ], [ 29.178878996302561, -1.666663346001835 ] ] ] } },
{ "type": "Feature", "properties": { "fid": 21598, "gref": "GOMA-BAT-55", "is_eligible": "true" }, "geometry": { "type": "Polygon", "coordinates": [ [ [ 29.178742311677766, -1.666743511845543 ], [ 29.178805485643295, -1.666806356417585 ], [ 29.178811285545642, -1.666800452330079 ], [ 29.178843984656222, -1.66683298094093 ], [ 29.178805928309334, -1.666871720906117 ], [ 29.178780488952373, -1.666846414196166 ], [ 29.178756757423642, -1.666870572020663 ], [ 29.178732540974163, -1.666846481840444 ], [ 29.178758033239212, -1.666820531652207 ], [ 29.178711815964444, -1.666774555357647 ], [ 29.178742311677766, -1.666743511845543 ] ] ] } },
{ "type": "Feature", "properties": { "fid": 21601, "gref": "GOMA-BAT-56", "is_eligible": "true" }, "geometry": { "type": "Polygon", "coordinates": [ [ [ 29.178757872369605, -1.666466290826842 ], [ 29.17868812294094, -1.666427537365841 ], [ 29.178661205215384, -1.666411214075245 ], [ 29.178666534777253, -1.666402314198162 ], [ 29.178635429315719, -1.666383451403127 ], [ 29.178665267835157, -1.666333623829098 ], [ 29.178697599143845, -1.666353229996577 ], [ 29.178715464742808, -1.666323396093579 ], [ 29.178817101719527, -1.666385030200939 ], [ 29.17877486633737, -1.66645555940784 ], [ 29.178767113943845, -1.666450858247182 ], [ 29.178757872369605, -1.666466290826842 ] ] ] } },
{ "type": "Feature", "properties": { "fid": 21602, "gref": "GOMA-BAT-57", "is_eligible": "true" }, "geometry": { "type": "Polygon", "coordinates": [ [ [ 29.178692253199642, -1.666966229397895 ], [ 29.178774477818035, -1.667042574967314 ], [ 29.178752878532471, -1.667066131917093 ], [ 29.178759212570192, -1.667072013071145 ], [ 29.178722014325245, -1.667112582801687 ], [ 29.17867453466377, -1.667068497934979 ], [ 29.178670837062395, -1.667072530670359 ], [ 29.178629758060346, -1.667034388811625 ], [ 29.178692253199642, -1.666966229397895 ] ] ] } },
{ "type": "Feature", "properties": { "fid": 21603, "gref": "GOMA-BAT-58", "is_eligible": "true" }, "geometry": { "type": "Polygon", "coordinates": [ [ [ 29.178653272173552, -1.666556199742298 ], [ 29.178645896358287, -1.666552101668148 ], [ 29.178668006199505, -1.666509498461341 ], [ 29.178623587714902, -1.66648481911954 ], [ 29.178641254093293, -1.666452620332592 ], [ 29.178664521465429, -1.666465547911631 ], [ 29.17867391347561, -1.666448430009026 ], [ 29.178676018235397, -1.666449599434099 ], [ 29.17868812294094, -1.666427537365841 ], [ 29.178774640450786, -1.666475607334903 ], [ 29.178765073962698, -1.666493043244009 ], [ 29.178775004373549, -1.666498560675998 ], [ 29.178764588094634, -1.666517545416816 ], [ 29.178768547990849, -1.666519745573229 ], [ 29.178743895879961, -1.666564676584505 ], [ 29.178733801892648, -1.666559068268425 ], [ 29.178716194316518, -1.666591159889369 ], [ 29.178653272173552, -1.666556199742298 ] ] ] } },
{ "type": "Feature", "properties": { "fid": 21607, "gref": "GOMA-BAT-59", "is_eligible": "true" }, "geometry": { "type": "Polygon", "coordinates": [ [ [ 29.179327559687884, -1.666478607708883 ], [ 29.179401262642575, -1.666511756845936 ], [ 29.179352950802478, -1.66662053160639 ], [ 29.179279247839791, -1.666587382471835 ], [ 29.179327559687884, -1.666478607708883 ] ] ] } },
{ "type": "Feature", "properties": { "fid": 21608, "gref": "GOMA-BAT-60", "is_eligible": "true" }, "geometry": { "type": "Polygon", "coordinates": [ [ [ 29.179500412942623, -1.665673121452429 ], [ 29.179531332969745, -1.665598211948307 ], [ 29.179554924118861, -1.66560807279664 ], [ 29.179550216571698, -1.66561947770358 ], [ 29.179574257140118, -1.665629526403581 ], [ 29.179548044663363, -1.665693030999625 ], [ 29.179500412942623, -1.665673121452429 ] ] ] } },
{ "type": "Feature", "properties": { "fid": 21609, "gref": "GOMA-BAT-61", "is_eligible": "true" }, "geometry": { "type": "Polygon", "coordinates": [ [ [ 29.179249199016319, -1.664956621720037 ], [ 29.179404337948597, -1.664932968829601 ], [ 29.179414992922609, -1.665003739177297 ], [ 29.179368654505254, -1.66501080405785 ], [ 29.179370673753038, -1.665024215902104 ], [ 29.179279240494314, -1.665038156062374 ], [ 29.179280842638608, -1.66504879750705 ], [ 29.179229445904394, -1.665029432552461 ], [ 29.179249199016319, -1.664956621720037 ] ] ] } },
{ "type": "Feature", "properties": { "fid": 21610, "gref": "GOMA-BAT-62", "is_eligible": "true" }, "geometry": { "type": "Polygon", "coordinates": [ [ [ 29.179130153578438, -1.665370224626781 ], [ 29.179173323872025, -1.665297292858929 ], [ 29.179248612837782, -1.665340698803413 ], [ 29.179200188392787, -1.665425755629288 ], [ 29.17915911597262, -1.665402076370446 ], [ 29.17916212731264, -1.665396786996272 ], [ 29.179131552993077, -1.665379160148611 ], [ 29.179135037215485, -1.665373040163866 ], [ 29.179130153578438, -1.665370224626781 ] ] ] } },
{ "type": "Feature", "properties": { "fid": 21611, "gref": "GOMA-BAT-63", "is_eligible": "true" }, "geometry": { "type": "Polygon", "coordinates": [ [ [ 29.179037299573036, -1.665139641297389 ], [ 29.179055679506757, -1.665088601970526 ], [ 29.179028431737763, -1.665078665493241 ], [ 29.179050487660483, -1.665017418301714 ], [ 29.179092840168526, -1.665032863044304 ], [ 29.179100809278623, -1.665010733585344 ], [ 29.179172556794288, -1.66503689783987 ], [ 29.179169149128295, -1.665046360604859 ], [ 29.179217202933746, -1.66506388444202 ], [ 29.179163324255352, -1.665213500444668 ], [ 29.179097500158242, -1.665189496301264 ], [ 29.179106381555115, -1.665164833502713 ], [ 29.179037299573036, -1.665139641297389 ] ] ] } },
{ "type": "Feature", "properties": { "fid": 21612, "gref": "GOMA-BAT-64", "is_eligible": "true" }, "geometry": { "type": "Polygon", "coordinates": [ [ [ 29.179442927771596, -1.665932599307966 ], [ 29.179393991531562, -1.665894385051843 ], [ 29.179400996836325, -1.665885300692576 ], [ 29.179352426574244, -1.665847372223195 ], [ 29.179362285391846, -1.66583458747841 ], [ 29.179337974120514, -1.665815602828788 ], [ 29.17939416532429, -1.665742735047153 ], [ 29.179414294009497, -1.665758453520394 ], [ 29.17942573510588, -1.665743616903918 ], [ 29.179454542652604, -1.665766112691754 ], [ 29.179461439767074, -1.665757168632217 ], [ 29.179493331969578, -1.665782073223371 ], [ 29.179475561757826, -1.6658051173299 ], [ 29.179509702100756, -1.665831777488933 ], [ 29.179490998750744, -1.665856031674636 ], [ 29.17951410752908, -1.665874077294328 ], [ 29.179487316975408, -1.665908818829413 ], [ 29.179471057178166, -1.66589612157214 ], [ 29.179442927771596, -1.665932599307966 ] ] ] } },
{ "type": "Feature", "properties": { "fid": 21613, "gref": "GOMA-BAT-65", "is_eligible": "true" }, "geometry": { "type": "Polygon", "coordinates": [ [ [ 29.179173323872025, -1.665297292858929 ], [ 29.179130153578438, -1.665370224626781 ], [ 29.179110808185218, -1.665359071530617 ], [ 29.179103563892099, -1.665371796023023 ], [ 29.17906035631416, -1.665346885787642 ], [ 29.179068651457381, -1.665332315493885 ], [ 29.179044703293826, -1.665318508784989 ], [ 29.179085581340779, -1.665246707117251 ], [ 29.179173323872025, -1.665297292858929 ] ] ] } },
{ "type": "Feature", "properties": { "fid": 21614, "gref": "GOMA-BAT-66", "is_eligible": "true" }, "geometry": { "type": "Polygon", "coordinates": [ [ [ 29.178938061892453, -1.665817413578501 ], [ 29.178953571366172, -1.665792623703059 ], [ 29.178996541798593, -1.665819847868297 ], [ 29.1789817308374, -1.665843521264126 ], [ 29.178966340447069, -1.665833770594587 ], [ 29.178938061892453, -1.665817413578501 ] ] ] } },
{ "type": "Feature", "properties": { "fid": 21615, "gref": "GOMA-BAT-67", "is_eligible": "true" }, "geometry": { "type": "Polygon", "coordinates": [ [ [ 29.17893835015968, -1.665975109865829 ], [ 29.178854050155341, -1.665926348665532 ], [ 29.178810536492122, -1.665901179286468 ], [ 29.178873941015016, -1.665790176097292 ], [ 29.17891816480595, -1.66581575623568 ], [ 29.178922394534379, -1.665808351190254 ], [ 29.178966340447069, -1.665833770594587 ], [ 29.178962838350536, -1.665839901765028 ], [ 29.178988516348991, -1.665854754553986 ], [ 29.178940634645837, -1.665938581740869 ], [ 29.178954600596651, -1.665946659990685 ], [ 29.17893835015968, -1.665975109865829 ] ] ] } },
{ "type": "Feature", "properties": { "fid": 21618, "gref": "GOMA-BAT-68", "is_eligible": "true" }, "geometry": { "type": "Polygon", "coordinates": [ [ [ 29.178963256913896, -1.666047807800648 ], [ 29.178933894899099, -1.666028672352692 ], [ 29.178955186330583, -1.66599558864989 ], [ 29.179143050360068, -1.66611802104591 ], [ 29.179094920990028, -1.666192806919328 ], [ 29.179006364338147, -1.666135093897865 ], [ 29.179028747619888, -1.666100313616613 ], [ 29.179001549505777, -1.666082588402342 ], [ 29.178952790259917, -1.666158352994502 ], [ 29.178929965206223, -1.666143477736908 ], [ 29.178943594427984, -1.666122299960757 ], [ 29.178923672217731, -1.666109316506862 ], [ 29.178963256913896, -1.666047807800648 ] ] ] } },
{ "type": "Feature", "properties": { "fid": 21634, "gref": "GOMA-BAT-69", "is_eligible": "true" }, "geometry": { "type": "Polygon", "coordinates": [ [ [ 29.17836399380964, -1.667714867510578 ], [ 29.178558619792447, -1.667800786190868 ], [ 29.178492790386702, -1.667951791185147 ], [ 29.178298164447536, -1.667865872347394 ], [ 29.17836399380964, -1.667714867510578 ] ] ] } },
{ "type": "Feature", "properties": { "fid": 21635, "gref": "GOMA-BAT-70", "is_eligible": "true" }, "geometry": { "type": "Polygon", "coordinates": [ [ [ 29.178937890068219, -1.66555171745518 ], [ 29.179040053143765, -1.66558010634376 ], [ 29.17902652409677, -1.665629411769287 ], [ 29.179035223630372, -1.665631829226633 ], [ 29.179000486428016, -1.665758422147793 ], [ 29.178938855126148, -1.665741296159332 ], [ 29.178946336311938, -1.665714033745142 ], [ 29.178860218357624, -1.665690103520976 ], [ 29.178885276236631, -1.665598784252443 ], [ 29.178893163542288, -1.665600976156745 ], [ 29.178899036423555, -1.665579575298822 ], [ 29.178928034430822, -1.665587633273081 ], [ 29.178937890068219, -1.66555171745518 ] ] ] } },
{ "type": "Feature", "properties": { "fid": 21637, "gref": "GOMA-BAT-71", "is_eligible": "true" }, "geometry": { "type": "Polygon", "coordinates": [ [ [ 29.179422822564515, -1.666522624365409 ], [ 29.179471110760577, -1.66654268891943 ], [ 29.179467061053884, -1.666552557592586 ], [ 29.179527485813384, -1.66657766519248 ], [ 29.179468630228794, -1.666721100129901 ], [ 29.17940236034465, -1.666693563627731 ], [ 29.179418964071967, -1.666653098556074 ], [ 29.179376521644311, -1.666635462577494 ], [ 29.179422822564515, -1.666522624365409 ] ] ] } },
{ "type": "Feature", "properties": { "fid": 21639, "gref": "GOMA-BAT-72", "is_eligible": "true" }, "geometry": { "type": "Polygon", "coordinates": [ [ [ 29.178627502431322, -1.6667026058719 ], [ 29.178706735855386, -1.666745783366097 ], [ 29.17865826409103, -1.666835857718095 ], [ 29.178553254878057, -1.666778633768312 ], [ 29.178580807257564, -1.666727434494871 ], [ 29.178606583034636, -1.666741480625498 ], [ 29.178627502431322, -1.6667026058719 ] ] ] } },
{ "type": "Feature", "properties": { "fid": 21652, "gref": "GOMA-BAT-73", "is_eligible": "true" }, "geometry": { "type": "Polygon", "coordinates": [ [ [ 29.179998514130222, -1.666158171598445 ], [ 29.180023178770224, -1.666126306748076 ], [ 29.180076944410771, -1.666168450160264 ], [ 29.180052279772887, -1.666200315010848 ], [ 29.179998514130222, -1.666158171598445 ] ] ] } },
{ "type": "Feature", "properties": { "fid": 61762, "gref": "GOMA-BAT-74", "is_eligible": "true" }, "geometry": { "type": "Polygon", "coordinates": [ [ [ 29.181956870761411, -1.665899593537 ], [ 29.18190527530826, -1.665974323036702 ], [ 29.181868997903521, -1.665948959041963 ], [ 29.181920593359887, -1.665874229542263 ], [ 29.181956870761411, -1.665899593537 ] ] ] } },
{ "type": "Feature", "properties": { "fid": 61764, "gref": "GOMA-BAT-75", "is_eligible": "true" }, "geometry": { "type": "Polygon", "coordinates": [ [ [ 29.183793599333313, -1.666844331860743 ], [ 29.18377183273811, -1.666932362320195 ], [ 29.183722947600668, -1.666920121908831 ], [ 29.183726206770334, -1.666906940877007 ], [ 29.183692759044551, -1.666898565857312 ], [ 29.183701081568309, -1.666864907150699 ], [ 29.183691257760916, -1.666862447354363 ], [ 29.183703596049021, -1.666812547733706 ], [ 29.183730494568106, -1.666819282890827 ], [ 29.183735325124125, -1.666799746719068 ], [ 29.183778362753376, -1.6668105229696 ], [ 29.18377137881798, -1.666838768036671 ], [ 29.183793599333313, -1.666844331860743 ] ] ] } },
{ "type": "Feature", "properties": { "fid": 61770, "gref": "GOMA-BAT-76", "is_eligible": "true" }, "geometry": { "type": "Polygon", "coordinates": [ [ [ 29.180443627279789, -1.665006022449234 ], [ 29.180436463361932, -1.665002859954112 ], [ 29.18048677529746, -1.664887447083409 ], [ 29.180544153274614, -1.664912776463366 ], [ 29.180525706541655, -1.664955092279053 ], [ 29.180550063860402, -1.664965844761216 ], [ 29.180518198666178, -1.665038941813534 ], [ 29.180443627279789, -1.665006022449234 ] ] ] } },
{ "type": "Feature", "properties": { "fid": 61773, "gref": "GOMA-BAT-77", "is_eligible": "true" }, "geometry": { "type": "Polygon", "coordinates": [ [ [ 29.180678809932246, -1.665874631050072 ], [ 29.180679124615033, -1.665868458012236 ], [ 29.180680583187776, -1.665839845634304 ], [ 29.180701990886693, -1.665840950746279 ], [ 29.180700314875136, -1.665873828563572 ], [ 29.180714404840849, -1.665874555917806 ], [ 29.180710922595335, -1.665942866137933 ], [ 29.180678619486013, -1.665941198583523 ], [ 29.180680500473727, -1.665904299788098 ], [ 29.180682004489231, -1.665874795959985 ], [ 29.180678809932246, -1.665874631050072 ] ] ] } },
{ "type": "Feature", "properties": { "fid": 61776, "gref": "GOMA-BAT-78", "is_eligible": "true" }, "geometry": { "type": "Polygon", "coordinates": [ [ [ 29.180679124615033, -1.665868458012236 ], [ 29.180678809932246, -1.665874631050072 ], [ 29.180682004489231, -1.665874795959985 ], [ 29.180680500473727, -1.665904299788098 ], [ 29.180596942747197, -1.665899986357886 ], [ 29.180598761447179, -1.66586430949004 ], [ 29.180679124615033, -1.665868458012236 ] ] ] } },
{ "type": "Feature", "properties": { "fid": 61781, "gref": "GOMA-BAT-79", "is_eligible": "true" }, "geometry": { "type": "Polygon", "coordinates": [ [ [ 29.180710922595335, -1.665942866137933 ], [ 29.180714404840849, -1.665874555917806 ], [ 29.180714622279979, -1.665870290478058 ], [ 29.180770548660085, -1.665873177516722 ], [ 29.180766626138578, -1.665950126102239 ], [ 29.180710699672211, -1.665947239159297 ], [ 29.180710922595335, -1.665942866137933 ] ] ] } },
{ "type": "Feature", "properties": { "fid": 61783, "gref": "GOMA-BAT-80", "is_eligible": "true" }, "geometry": { "type": "Polygon", "coordinates": [ [ [ 29.180364512296599, -1.66499870288922 ], [ 29.180377137451785, -1.664975003212667 ], [ 29.180407741265039, -1.664991512653093 ], [ 29.180395116110628, -1.665015212329494 ], [ 29.180364512296599, -1.66499870288922 ] ] ] } },
{ "type": "Feature", "properties": { "fid": 61796, "gref": "GOMA-BAT-81", "is_eligible": "true" }, "geometry": { "type": "Polygon", "coordinates": [ [ [ 29.184679743646985, -1.66761506954656 ], [ 29.184666664546196, -1.667691506016312 ], [ 29.184633969049894, -1.667685840669747 ], [ 29.184647048152485, -1.667609404198587 ], [ 29.184679743646985, -1.66761506954656 ] ] ] } },
{ "type": "Feature", "properties": { "fid": 61798, "gref": "GOMA-BAT-82", "is_eligible": "true" }, "geometry": { "type": "Polygon", "coordinates": [ [ [ 29.184237664067652, -1.667990540069271 ], [ 29.184264128729325, -1.667991842009399 ], [ 29.184261158468868, -1.668052982830696 ], [ 29.184234693806271, -1.668051680891608 ], [ 29.184237664067652, -1.667990540069271 ] ] ] } },
{ "type": "Feature", "properties": { "fid": 61803, "gref": "GOMA-BAT-83", "is_eligible": "true" }, "geometry": { "type": "Polygon", "coordinates": [ [ [ 29.184014747893627, -1.667854248653503 ], [ 29.184013026232407, -1.667910802391515 ], [ 29.183942134859578, -1.667908616940947 ], [ 29.183940844105241, -1.667951016088265 ], [ 29.183895386916429, -1.667949614726671 ], [ 29.183899016185038, -1.667830399437856 ], [ 29.183951570536482, -1.667832019596038 ], [ 29.183950953688665, -1.667852281993267 ], [ 29.184014747893627, -1.667854248653503 ] ] ] } },
{ "type": "Feature", "properties": { "fid": 61804, "gref": "GOMA-BAT-84", "is_eligible": "true" }, "geometry": { "type": "Polygon", "coordinates": [ [ [ 29.18480629130276, -1.667593530047899 ], [ 29.184870088836007, -1.667598553560278 ], [ 29.18486770531338, -1.667629206856649 ], [ 29.184803907778949, -1.667624183345496 ], [ 29.18480629130276, -1.667593530047899 ] ] ] } },
{ "type": "Feature", "properties": { "fid": 61806, "gref": "GOMA-BAT-85", "is_eligible": "true" }, "geometry": { "type": "Polygon", "coordinates": [ [ [ 29.183586499557908, -1.667856968249241 ], [ 29.183587452120488, -1.66783028628322 ], [ 29.183645058526444, -1.667832368891668 ], [ 29.183644105964714, -1.667859050856688 ], [ 29.183586499557908, -1.667856968249241 ] ] ] } },
{ "type": "Feature", "properties": { "fid": 61808, "gref": "GOMA-BAT-86", "is_eligible": "true" }, "geometry": { "type": "Polygon", "coordinates": [ [ [ 29.18351716964651, -1.667864559971967 ], [ 29.183553438858361, -1.667864519467986 ], [ 29.183553483844705, -1.667905311318299 ], [ 29.183517214632111, -1.667905351823271 ], [ 29.18351716964651, -1.667864559971967 ] ] ] } },
{ "type": "Feature", "properties": { "fid": 61811, "gref": "GOMA-BAT-87", "is_eligible": "true" }, "geometry": { "type": "Polygon", "coordinates": [ [ [ 29.183214229222841, -1.667877779912979 ], [ 29.183196144326857, -1.667922885902154 ], [ 29.18316671335797, -1.667910936461647 ], [ 29.183184798255226, -1.667865830471996 ], [ 29.183214229222841, -1.667877779912979 ] ] ] } },
{ "type": "Feature", "properties": { "fid": 61845, "gref": "GOMA-BAT-88", "is_eligible": "true" }, "geometry": { "type": "Polygon", "coordinates": [ [ [ 29.184243940565601, -1.666452044890736 ], [ 29.184303840792062, -1.666471260194533 ], [ 29.184294792215809, -1.666499824479116 ], [ 29.184234891987842, -1.666480609176076 ], [ 29.184243940565601, -1.666452044890736 ] ] ] } },
{ "type": "Feature", "properties": { "fid": 61854, "gref": "GOMA-BAT-89", "is_eligible": "true" }, "geometry": { "type": "Polygon", "coordinates": [ [ [ 29.183795194583723, -1.66749103789235 ], [ 29.183853764223556, -1.667510254659729 ], [ 29.183845524696224, -1.667535685220891 ], [ 29.183786955055069, -1.667516468454161 ], [ 29.183795194583723, -1.66749103789235 ] ] ] } },
{ "type": "Feature", "properties": { "fid": 61868, "gref": "GOMA-BAT-90", "is_eligible": "true" }, "geometry": { "type": "Polygon", "coordinates": [ [ [ 29.181561519949312, -1.665575123499803 ], [ 29.181588169081206, -1.665592958805637 ], [ 29.18157227904889, -1.665617001854675 ], [ 29.181545629916254, -1.665599166548868 ], [ 29.181561519949312, -1.665575123499803 ] ] ] } },
{ "type": "Feature", "properties": { "fid": 61870, "gref": "GOMA-BAT-91", "is_eligible": "true" }, "geometry": { "type": "Polygon", "coordinates": [ [ [ 29.181381464895793, -1.6655753241123 ], [ 29.181389748168556, -1.665554037187152 ], [ 29.181445480041379, -1.665575998328138 ], [ 29.181437196769743, -1.665597285252846 ], [ 29.181381464895793, -1.6655753241123 ] ] ] } },
{ "type": "Feature", "properties": { "fid": 61876, "gref": "GOMA-BAT-92", "is_eligible": "true" }, "geometry": { "type": "Polygon", "coordinates": [ [ [ 29.180781117468904, -1.665653325895533 ], [ 29.180777007894324, -1.665651335088832 ], [ 29.180815519377941, -1.665600335261536 ], [ 29.180876628998618, -1.665629938676512 ], [ 29.180866399181131, -1.665651323118368 ], [ 29.180874919209991, -1.665655450486818 ], [ 29.180858096416809, -1.665690616906419 ], [ 29.180849576387622, -1.665686489538035 ], [ 29.18083575316745, -1.665715385640875 ], [ 29.180767294246696, -1.665682221998914 ], [ 29.180781117468904, -1.665653325895533 ] ] ] } },
{ "type": "Feature", "properties": { "fid": 61877, "gref": "GOMA-BAT-93", "is_eligible": "true" }, "geometry": { "type": "Polygon", "coordinates": [ [ [ 29.183204629985553, -1.666262190592094 ], [ 29.183185509413939, -1.666299169430007 ], [ 29.183159464338779, -1.666285531917469 ], [ 29.18317858491141, -1.666248553079336 ], [ 29.183204629985553, -1.666262190592094 ] ] ] } },
{ "type": "Feature", "properties": { "fid": 61890, "gref": "GOMA-BAT-94", "is_eligible": "true" }, "geometry": { "type": "Polygon", "coordinates": [ [ [ 29.180390528320736, -1.66575675794773 ], [ 29.1804108290766, -1.665701412136815 ], [ 29.180461153636344, -1.66572010473259 ], [ 29.180440852883066, -1.665775450542409 ], [ 29.180390528320736, -1.66575675794773 ] ] ] } },
{ "type": "Feature", "properties": { "fid": 61895, "gref": "GOMA-BAT-95", "is_eligible": "true" }, "geometry": { "type": "Polygon", "coordinates": [ [ [ 29.180411843758328, -1.665656428960865 ], [ 29.180421023735736, -1.665630080811263 ], [ 29.18047134726157, -1.665647835978039 ], [ 29.180462167285363, -1.665674184127095 ], [ 29.180411843758328, -1.665656428960865 ] ] ] } },
{ "type": "Feature", "properties": { "fid": 61896, "gref": "GOMA-BAT-96", "is_eligible": "true" }, "geometry": { "type": "Polygon", "coordinates": [ [ [ 29.181184018645528, -1.665579636878419 ], [ 29.181164434356852, -1.665559972629175 ], [ 29.181216543624654, -1.665507418402627 ], [ 29.181236127911959, -1.665527082651361 ], [ 29.181184018645528, -1.665579636878419 ] ] ] } },
{ "type": "Feature", "properties": { "fid": 61900, "gref": "GOMA-BAT-97", "is_eligible": "true" }, "geometry": { "type": "Polygon", "coordinates": [ [ [ 29.181050773431782, -1.665549787494855 ], [ 29.181022371425641, -1.6655237713461 ], [ 29.181070753455586, -1.665470283839554 ], [ 29.181099155459762, -1.665496299987794 ], [ 29.181050773431782, -1.665549787494855 ] ] ] } },
{ "type": "Feature", "properties": { "fid": 61903, "gref": "GOMA-BAT-98", "is_eligible": "true" }, "geometry": { "type": "Polygon", "coordinates": [ [ [ 29.180974769065024, -1.665051158405938 ], [ 29.180984714320836, -1.665024548103816 ], [ 29.181034107287395, -1.665043241737921 ], [ 29.181024162032806, -1.665069852039534 ], [ 29.180974769065024, -1.665051158405938 ] ] ] } },
{ "type": "Feature", "properties": { "fid": 61931, "gref": "GOMA-BAT-99", "is_eligible": "true" }, "geometry": { "type": "Polygon", "coordinates": [ [ [ 29.180436266253885, -1.665840138472532 ], [ 29.180441797522807, -1.665815896002935 ], [ 29.180514477330849, -1.665832688828953 ], [ 29.180508946063302, -1.665856931297637 ], [ 29.180436266253885, -1.665840138472532 ] ] ] } },
{ "type": "Feature", "properties": { "fid": 61974, "gref": "GOMA-BAT-100", "is_eligible": "true" }, "geometry": { "type": "Polygon", "coordinates": [ [ [ 29.181263926611145, -1.666168846584777 ], [ 29.181367473249058, -1.666219525563625 ], [ 29.181347585561173, -1.666260673958731 ], [ 29.181395972439415, -1.666284356031576 ], [ 29.181371140569567, -1.666335733970238 ], [ 29.181244723128049, -1.666273861235209 ], [ 29.181247661014957, -1.666267782340498 ], [ 29.181222145257021, -1.666255294026675 ], [ 29.181263926611145, -1.666168846584777 ] ] ] } },
{ "type": "Feature", "properties": { "fid": 61975, "gref": "GOMA-BAT-101", "is_eligible": "true" }, "geometry": { "type": "Polygon", "coordinates": [ [ [ 29.181456156128302, -1.665082639578828 ], [ 29.181551470776377, -1.665126222678998 ], [ 29.181508158119463, -1.665222143774824 ], [ 29.181454223220317, -1.66519748156948 ], [ 29.181439386133231, -1.665230339749165 ], [ 29.181398007031753, -1.665211418856802 ], [ 29.181456156128302, -1.665082639578828 ] ] ] } },
{ "type": "Feature", "properties": { "fid": 61980, "gref": "GOMA-BAT-102", "is_eligible": "true" }, "geometry": { "type": "Polygon", "coordinates": [ [ [ 29.183851757431068, -1.666831156835428 ], [ 29.183971810930139, -1.666866797108293 ], [ 29.183948935860734, -1.666944827230553 ], [ 29.183860033958787, -1.666918434949056 ], [ 29.183842440571464, -1.666978447882816 ], [ 29.183811288964744, -1.666969199896664 ], [ 29.183851757431068, -1.666831156835428 ] ] ] } },
{ "type": "Feature", "properties": { "fid": 61989, "gref": "GOMA-BAT-103", "is_eligible": "true" }, "geometry": { "type": "Polygon", "coordinates": [ [ [ 29.183488709483463, -1.667432739985498 ], [ 29.18356951588903, -1.667467989686866 ], [ 29.183529291660797, -1.667561366126894 ], [ 29.183448485247048, -1.667526115765833 ], [ 29.183488709483463, -1.667432739985498 ] ] ] } },
{ "type": "Feature", "properties": { "fid": 61996, "gref": "GOMA-BAT-104", "is_eligible": "true" }, "geometry": { "type": "Polygon", "coordinates": [ [ [ 29.181466375642984, -1.665437519750705 ], [ 29.181530380468807, -1.665472762918107 ], [ 29.181491553783285, -1.665544167803828 ], [ 29.181456564515312, -1.665524901606278 ], [ 29.18144505230957, -1.665546073321401 ], [ 29.18141603707512, -1.665530096352198 ], [ 29.181466375642984, -1.665437519750705 ] ] ] } },
{ "type": "Feature", "properties": { "fid": 61997, "gref": "GOMA-BAT-105", "is_eligible": "true" }, "geometry": { "type": "Polygon", "coordinates": [ [ [ 29.184504381448175, -1.667422618342736 ], [ 29.184574819232438, -1.667440207295415 ], [ 29.184553193250029, -1.66752790612382 ], [ 29.184482755460071, -1.667510316512097 ], [ 29.184504381448175, -1.667422618342736 ] ] ] } },
{ "type": "Feature", "properties": { "fid": 62009, "gref": "GOMA-BAT-106", "is_eligible": "true" }, "geometry": { "type": "Polygon", "coordinates": [ [ [ 29.183725036616945, -1.66724164548109 ], [ 29.183781032404465, -1.667237642475528 ], [ 29.183787809770465, -1.667333647491072 ], [ 29.183731813980753, -1.667337650500406 ], [ 29.183725036616945, -1.66724164548109 ] ] ] } },
{ "type": "Feature", "properties": { "fid": 62010, "gref": "GOMA-BAT-107", "is_eligible": "true" }, "geometry": { "type": "Polygon", "coordinates": [ [ [ 29.182029315846801, -1.666252288279871 ], [ 29.182078555331262, -1.666272243751119 ], [ 29.182075765495032, -1.666279214734533 ], [ 29.18214031768396, -1.666305376407129 ], [ 29.182125803844094, -1.666341641684461 ], [ 29.182012012166425, -1.666295524542208 ], [ 29.182029315846801, -1.666252288279871 ] ] ] } },
{ "type": "Feature", "properties": { "fid": 62013, "gref": "GOMA-BAT-108", "is_eligible": "true" }, "geometry": { "type": "Polygon", "coordinates": [ [ [ 29.182380036510065, -1.66670907878622 ], [ 29.182446863880088, -1.666754758255762 ], [ 29.182411321796579, -1.666807413838184 ], [ 29.182344494422782, -1.666761734699815 ], [ 29.182380036510065, -1.66670907878622 ] ] ] } },
{ "type": "Feature", "properties": { "fid": 62017, "gref": "GOMA-BAT-109", "is_eligible": "true" }, "geometry": { "type": "Polygon", "coordinates": [ [ [ 29.180835827299294, -1.666449576976201 ], [ 29.180883024912831, -1.666480641122413 ], [ 29.180836799444553, -1.666551763279609 ], [ 29.180789601662628, -1.66652069913377 ], [ 29.180835827299294, -1.666449576976201 ] ] ] } },
{ "type": "Feature", "properties": { "fid": 62021, "gref": "GOMA-BAT-110", "is_eligible": "true" }, "geometry": { "type": "Polygon", "coordinates": [ [ [ 29.183165766191106, -1.667797347233461 ], [ 29.183243812302905, -1.667821263245639 ], [ 29.183227802140568, -1.667874170831476 ], [ 29.18314975602447, -1.667850254159016 ], [ 29.183165766191106, -1.667797347233461 ] ] ] } },
{ "type": "Feature", "properties": { "fid": 62022, "gref": "GOMA-BAT-111", "is_eligible": "true" }, "geometry": { "type": "Polygon", "coordinates": [ [ [ 29.182070803357384, -1.666572522159807 ], [ 29.182136737849728, -1.66660807894093 ], [ 29.182111944139017, -1.666654637320266 ], [ 29.182046009314377, -1.666619080540154 ], [ 29.182070803357384, -1.666572522159807 ] ] ] } },
{ "type": "Feature", "properties": { "fid": 62023, "gref": "GOMA-BAT-112", "is_eligible": "true" }, "geometry": { "type": "Polygon", "coordinates": [ [ [ 29.183018688671329, -1.666048850263095 ], [ 29.183095650034613, -1.666071330706347 ], [ 29.183080356511969, -1.666124351369808 ], [ 29.183003395145221, -1.666101870928466 ], [ 29.183018688671329, -1.666048850263095 ] ] ] } },
{ "type": "Feature", "properties": { "fid": 62027, "gref": "GOMA-BAT-113", "is_eligible": "true" }, "geometry": { "type": "Polygon", "coordinates": [ [ [ 29.181844826995704, -1.665524585200695 ], [ 29.181882168158545, -1.6655571773155 ], [ 29.18184345316201, -1.665602094811467 ], [ 29.181826465132996, -1.665600927157878 ], [ 29.181799393125736, -1.665577298138509 ], [ 29.181844826995704, -1.665524585200695 ] ] ] } },
{ "type": "Feature", "properties": { "fid": 62032, "gref": "GOMA-BAT-114", "is_eligible": "true" }, "geometry": { "type": "Polygon", "coordinates": [ [ [ 29.182979083143767, -1.666431610067493 ], [ 29.1830499218052, -1.666458883387514 ], [ 29.183032683976879, -1.666504222234876 ], [ 29.182982633940348, -1.666484952712796 ], [ 29.182990040047535, -1.666465474081901 ], [ 29.182969250761623, -1.66645746995468 ], [ 29.182979083143767, -1.666431610067493 ] ] ] } },
{ "type": "Feature", "properties": { "fid": 62035, "gref": "GOMA-BAT-115", "is_eligible": "true" }, "geometry": { "type": "Polygon", "coordinates": [ [ [ 29.184591718319517, -1.668051720034494 ], [ 29.184653691353176, -1.668056011076259 ], [ 29.184650327311736, -1.668105213640328 ], [ 29.184588354276265, -1.66810092260049 ], [ 29.184591718319517, -1.668051720034494 ] ] ] } },
{ "type": "Feature", "properties": { "fid": 62039, "gref": "GOMA-BAT-116", "is_eligible": "true" }, "geometry": { "type": "Polygon", "coordinates": [ [ [ 29.182429486997606, -1.666543632203382 ], [ 29.1824385813491, -1.66652277175039 ], [ 29.182484508786008, -1.666543046739524 ], [ 29.182453682775101, -1.666613758694601 ], [ 29.182421549893501, -1.666599573402477 ], [ 29.182443282213463, -1.666549721898836 ], [ 29.182429486997606, -1.666543632203382 ] ] ] } },
{ "type": "Feature", "properties": { "fid": 62040, "gref": "GOMA-BAT-117", "is_eligible": "true" }, "geometry": { "type": "Polygon", "coordinates": [ [ [ 29.183162734238294, -1.66612740903214 ], [ 29.183202592063505, -1.666143970453428 ], [ 29.183196202220266, -1.666159543213258 ], [ 29.183232775755432, -1.666174740612973 ], [ 29.183207331883057, -1.666236749445294 ], [ 29.183130900517483, -1.666204990626179 ], [ 29.183162734238294, -1.66612740903214 ] ] ] } },
{ "type": "Feature", "properties": { "fid": 62049, "gref": "GOMA-BAT-118", "is_eligible": "true" }, "geometry": { "type": "Polygon", "coordinates": [ [ [ 29.181025299498462, -1.666293027904414 ], [ 29.181078000326711, -1.666325129142173 ], [ 29.181056136619727, -1.666361477783677 ], [ 29.181003435460326, -1.666329376546519 ], [ 29.181025299498462, -1.666293027904414 ] ] ] } },
{ "type": "Feature", "properties": { "fid": 62051, "gref": "GOMA-BAT-119", "is_eligible": "true" }, "geometry": { "type": "Polygon", "coordinates": [ [ [ 29.182816916142983, -1.667134946188054 ], [ 29.182854223715719, -1.667154022990673 ], [ 29.182825374563276, -1.667211155559108 ], [ 29.1827880676463, -1.667192078756273 ], [ 29.182816916142983, -1.667134946188054 ] ] ] } },
{ "type": "Feature", "properties": { "fid": 62058, "gref": "GOMA-BAT-120", "is_eligible": "true" }, "geometry": { "type": "Polygon", "coordinates": [ [ [ 29.183155362532819, -1.666992142035842 ], [ 29.183209762458059, -1.66702794700537 ], [ 29.183188810899626, -1.667060182953294 ], [ 29.183134410973075, -1.66702437864601 ], [ 29.183155362532819, -1.666992142035842 ] ] ] } },
{ "type": "Feature", "properties": { "fid": 62060, "gref": "GOMA-BAT-121", "is_eligible": "true" }, "geometry": { "type": "Polygon", "coordinates": [ [ [ 29.184008140276145, -1.667579541277966 ], [ 29.184050591773527, -1.667590538622984 ], [ 29.184037492743631, -1.667641740531072 ], [ 29.183995041902477, -1.667630743186399 ], [ 29.184008140276145, -1.667579541277966 ] ] ] } },
{ "type": "Feature", "properties": { "fid": 62064, "gref": "GOMA-BAT-122", "is_eligible": "true" }, "geometry": { "type": "Polygon", "coordinates": [ [ [ 29.183705557259241, -1.668158950297552 ], [ 29.18374742849505, -1.668161665376748 ], [ 29.183744026658118, -1.668214800554515 ], [ 29.18370215476299, -1.668212085477464 ], [ 29.183705557259241, -1.668158950297552 ] ] ] } },
{ "type": "Feature", "properties": { "fid": 62066, "gref": "GOMA-BAT-123", "is_eligible": "true" }, "geometry": { "type": "Polygon", "coordinates": [ [ [ 29.183221240326368, -1.668072712387912 ], [ 29.183269080357107, -1.668087372730242 ], [ 29.183256381720309, -1.668129335816726 ], [ 29.183208541688575, -1.668114676137455 ], [ 29.183221240326368, -1.668072712387912 ] ] ] } },
{ "type": "Feature", "properties": { "fid": 62070, "gref": "GOMA-BAT-124", "is_eligible": "true" }, "geometry": { "type": "Polygon", "coordinates": [ [ [ 29.183891543058696, -1.66641146131944 ], [ 29.183929549358126, -1.666422744084888 ], [ 29.183914587299217, -1.666473781864697 ], [ 29.183876580998131, -1.666462499100134 ], [ 29.183891543058696, -1.66641146131944 ] ] ] } },
{ "type": "Feature", "properties": { "fid": 62075, "gref": "GOMA-BAT-125", "is_eligible": "true" }, "geometry": { "type": "Polygon", "coordinates": [ [ [ 29.182583873799061, -1.66717161224109 ], [ 29.182639580344521, -1.667198876608651 ], [ 29.182625698461706, -1.66722759922104 ], [ 29.182569991256592, -1.667200334854641 ], [ 29.182583873799061, -1.66717161224109 ] ] ] } },
{ "type": "Feature", "properties": { "fid": 62082, "gref": "GOMA-BAT-126", "is_eligible": "true" }, "geometry": { "type": "Polygon", "coordinates": [ [ [ 29.182194789080377, -1.666942920351532 ], [ 29.182249983424313, -1.666970535597967 ], [ 29.182235994481161, -1.666998848457607 ], [ 29.182180800134876, -1.666971232549409 ], [ 29.182194789080377, -1.666942920351532 ] ] ] } },
{ "type": "Feature", "properties": { "fid": 62086, "gref": "GOMA-BAT-127", "is_eligible": "true" }, "geometry": { "type": "Polygon", "coordinates": [ [ [ 29.183790839214627, -1.667359894610681 ], [ 29.183830186170233, -1.667358295273542 ], [ 29.183832148270962, -1.667407164809916 ], [ 29.183792801314485, -1.667408764148362 ], [ 29.183790839214627, -1.667359894610681 ] ] ] } },
{ "type": "Feature", "properties": { "fid": 62093, "gref": "GOMA-BAT-128", "is_eligible": "true" }, "geometry": { "type": "Polygon", "coordinates": [ [ [ 29.184057111706565, -1.667942288932165 ], [ 29.184117772205603, -1.667949715445654 ], [ 29.184114100480151, -1.667980085340639 ], [ 29.184053439980634, -1.667972659490416 ], [ 29.184057111706565, -1.667942288932165 ] ] ] } },
{ "type": "Feature", "properties": { "fid": 62095, "gref": "GOMA-BAT-129", "is_eligible": "true" }, "geometry": { "type": "Polygon", "coordinates": [ [ [ 29.184071439603262, -1.66640725186195 ], [ 29.184121902497246, -1.666418450862573 ], [ 29.184114417829779, -1.666452606249344 ], [ 29.184063954276461, -1.666441407250364 ], [ 29.184071439603262, -1.66640725186195 ] ] ] } },
{ "type": "Feature", "properties": { "fid": 62098, "gref": "GOMA-BAT-130", "is_eligible": "true" }, "geometry": { "type": "Polygon", "coordinates": [ [ [ 29.18294192496554, -1.667313690809228 ], [ 29.182992203748078, -1.667335101131423 ], [ 29.182980263288663, -1.667363495793083 ], [ 29.182929984504725, -1.667342085471387 ], [ 29.18294192496554, -1.667313690809228 ] ] ] } },
{ "type": "Feature", "properties": { "fid": 62102, "gref": "GOMA-BAT-131", "is_eligible": "true" }, "geometry": { "type": "Polygon", "coordinates": [ [ [ 29.181364951174544, -1.665822263417796 ], [ 29.181408819402694, -1.665847942307098 ], [ 29.181392757129071, -1.665875729075656 ], [ 29.181348888899205, -1.665850049855476 ], [ 29.181364951174544, -1.665822263417796 ] ] ] } },
{ "type": "Feature", "properties": { "fid": 62105, "gref": "GOMA-BAT-132", "is_eligible": "true" }, "geometry": { "type": "Polygon", "coordinates": [ [ [ 29.181251720125857, -1.665131036561393 ], [ 29.181304941372044, -1.66514967295239 ], [ 29.181295598128852, -1.665176693068091 ], [ 29.181242376881357, -1.665158056677707 ], [ 29.181251720125857, -1.665131036561393 ] ] ] } },
{ "type": "Feature", "properties": { "fid": 62108, "gref": "GOMA-BAT-133", "is_eligible": "true" }, "geometry": { "type": "Polygon", "coordinates": [ [ [ 29.180502335033324, -1.666377688380432 ], [ 29.180547071523645, -1.66640156127957 ], [ 29.180533093726492, -1.666428086317223 ], [ 29.180488357234907, -1.666404213418341 ], [ 29.180502335033324, -1.666377688380432 ] ] ] } },
{ "type": "Feature", "properties": { "fid": 62109, "gref": "GOMA-BAT-134", "is_eligible": "true" }, "geometry": { "type": "Polygon", "coordinates": [ [ [ 29.182809042933624, -1.666963406862884 ], [ 29.182834464652089, -1.666982814767421 ], [ 29.18280553823039, -1.667021183237599 ], [ 29.182780116510006, -1.667001774670825 ], [ 29.182809042933624, -1.666963406862884 ] ] ] } },
{ "type": "Feature", "properties": { "fid": 62112, "gref": "GOMA-BAT-135", "is_eligible": "true" }, "geometry": { "type": "Polygon", "coordinates": [ [ [ 29.184006552886608, -1.666751543242681 ], [ 29.184054226531149, -1.666767536374427 ], [ 29.184045058129751, -1.6667952127955 ], [ 29.18399738448403, -1.666779219664303 ], [ 29.184006552886608, -1.666751543242681 ] ] ] } },
{ "type": "Feature", "properties": { "fid": 62119, "gref": "GOMA-BAT-136", "is_eligible": "true" }, "geometry": { "type": "Polygon", "coordinates": [ [ [ 29.182618288223775, -1.666162154694785 ], [ 29.182666666244234, -1.666174235420643 ], [ 29.182659837690672, -1.666201926795125 ], [ 29.182611459668774, -1.666189845738844 ], [ 29.182618288223775, -1.666162154694785 ] ] ] } },
{ "type": "Feature", "properties": { "fid": 62123, "gref": "GOMA-BAT-137", "is_eligible": "true" }, "geometry": { "type": "Polygon", "coordinates": [ [ [ 29.18361259896459, -1.666794233463988 ], [ 29.183660836473251, -1.666812562726689 ], [ 29.18365123936417, -1.666838140598046 ], [ 29.183603001196342, -1.666819811336555 ], [ 29.18361259896459, -1.666794233463988 ] ] ] } },
{ "type": "Feature", "properties": { "fid": 62127, "gref": "GOMA-BAT-138", "is_eligible": "true" }, "geometry": { "type": "Polygon", "coordinates": [ [ [ 29.183074737773133, -1.666959299678412 ], [ 29.183114517495657, -1.666982585692984 ], [ 29.183099644656004, -1.667008314471768 ], [ 29.183059865591087, -1.666985029118763 ], [ 29.183074737773133, -1.666959299678412 ] ] ] } },
{ "type": "Feature", "properties": { "fid": 62138, "gref": "GOMA-BAT-139", "is_eligible": "true" }, "geometry": { "type": "Polygon", "coordinates": [ [ [ 29.181888221649245, -1.665487369332633 ], [ 29.181909745839178, -1.665506658799609 ], [ 29.181884350437731, -1.6655353554996 ], [ 29.181862825918, -1.665516066032802 ], [ 29.181888221649245, -1.665487369332633 ] ] ] } },
{ "type": "Feature", "properties": { "fid": 62141, "gref": "GOMA-BAT-140", "is_eligible": "true" }, "geometry": { "type": "Polygon", "coordinates": [ [ [ 29.180837094926741, -1.666400826568216 ], [ 29.180861712015425, -1.666414805742622 ], [ 29.180846666288438, -1.666441636228386 ], [ 29.180822049198667, -1.666427656722997 ], [ 29.180837094926741, -1.666400826568216 ] ] ] } },
{ "type": "Feature", "properties": { "fid": 66397, "gref": "GOMA-BAT-141", "is_eligible": "true" }, "geometry": { "type": "Polygon", "coordinates": [ [ [ 29.180118549354706, -1.665070247156691 ], [ 29.180151078588235, -1.665072382744048 ], [ 29.18014580969696, -1.665153654271314 ], [ 29.180113280461878, -1.66515151868563 ], [ 29.180118549354706, -1.665070247156691 ] ] ] } },
{ "type": "Feature", "properties": { "fid": 66404, "gref": "GOMA-BAT-142", "is_eligible": "true" }, "geometry": { "type": "Polygon", "coordinates": [ [ [ 29.179334739189027, -1.666393177793383 ], [ 29.179234332950735, -1.666345407958573 ], [ 29.179242575244587, -1.666327864431864 ], [ 29.179253177711853, -1.666305297332382 ], [ 29.179259152157201, -1.666292580867634 ], [ 29.179286801569383, -1.666233729753051 ], [ 29.179387207796246, -1.666281499591034 ], [ 29.179355070100723, -1.666349903922852 ], [ 29.179334739189027, -1.666393177793383 ] ] ] } },
{ "type": "Feature", "properties": { "fid": 66482, "gref": "GOMA-BAT-143", "is_eligible": "true" }, "geometry": { "type": "Polygon", "coordinates": [ [ [ 29.178445554540968, -1.667122565221459 ], [ 29.178543748537315, -1.667173361611251 ], [ 29.178524483909513, -1.667211073154089 ], [ 29.178426289909265, -1.667160276765166 ], [ 29.178445554540968, -1.667122565221459 ] ] ] } },
{ "type": "Feature", "properties": { "fid": 66548, "gref": "GOMA-BAT-144", "is_eligible": "true" }, "geometry": { "type": "Polygon", "coordinates": [ [ [ 29.17914877805681, -1.664972628672742 ], [ 29.179212677486607, -1.664974631782794 ], [ 29.179211306863664, -1.665018908266159 ], [ 29.179147407432314, -1.665016905157951 ], [ 29.17914877805681, -1.664972628672742 ] ] ] } },
{ "type": "Feature", "properties": { "fid": 66582, "gref": "GOMA-BAT-145", "is_eligible": "true" }, "geometry": { "type": "Polygon", "coordinates": [ [ [ 29.179768190379576, -1.666184295882347 ], [ 29.179842950291086, -1.66623683397064 ], [ 29.179848314618518, -1.666229104107851 ], [ 29.179904689628081, -1.666268722062465 ], [ 29.179871793812648, -1.66631612412138 ], [ 29.179740658884885, -1.666223968078407 ], [ 29.179768190379576, -1.666184295882347 ] ] ] } },
{ "type": "Feature", "properties": { "fid": 66598, "gref": "GOMA-BAT-146", "is_eligible": "true" }, "geometry": { "type": "Polygon", "coordinates": [ [ [ 29.178781782256788, -1.666977177284648 ], [ 29.17881182566331, -1.666989100406787 ], [ 29.178791085210921, -1.667042022748135 ], [ 29.178761041802886, -1.66703009962658 ], [ 29.178781782256788, -1.666977177284648 ] ] ] } },
{ "type": "Feature", "properties": { "fid": 66602, "gref": "GOMA-BAT-147", "is_eligible": "true" }, "geometry": { "type": "Polygon", "coordinates": [ [ [ 29.178593648611631, -1.667194853025999 ], [ 29.178623953929669, -1.667215353189093 ], [ 29.178605030611017, -1.667267693333132 ], [ 29.178571722518193, -1.667255498561952 ], [ 29.178593648611631, -1.667194853025999 ] ] ] } },
{ "type": "Feature", "properties": { "fid": 66609, "gref": "GOMA-BAT-148", "is_eligible": "true" }, "geometry": { "type": "Polygon", "coordinates": [ [ [ 29.180092646055122, -1.66582759494061 ], [ 29.180143029588628, -1.665739850994672 ], [ 29.180232036520529, -1.665791606604329 ], [ 29.180181652995643, -1.665879350549041 ], [ 29.180092646055122, -1.66582759494061 ] ] ] } },
{ "type": "Feature", "properties": { "fid": 66617, "gref": "GOMA-BAT-149", "is_eligible": "true" }, "geometry": { "type": "Polygon", "coordinates": [ [ [ 29.178605415455475, -1.667053544723255 ], [ 29.178588292478473, -1.667090099530279 ], [ 29.178481718203269, -1.667039546314337 ], [ 29.178516761673976, -1.666964734146088 ], [ 29.178502828538704, -1.666958124999738 ], [ 29.178517925384586, -1.666925895666103 ], [ 29.178615205768541, -1.666980932053537 ], [ 29.17860127167998, -1.667010679093404 ], [ 29.17861197744617, -1.667015757344409 ], [ 29.178596302047318, -1.667049221803277 ], [ 29.178605415455475, -1.667053544723255 ] ] ] } },
{ "type": "Feature", "properties": { "fid": 66619, "gref": "GOMA-BAT-150", "is_eligible": "true" }, "geometry": { "type": "Polygon", "coordinates": [ [ [ 29.179908326284863, -1.665597815016274 ], [ 29.179940808127593, -1.665607657600154 ], [ 29.179925130750433, -1.665660049869512 ], [ 29.17989264890624, -1.665650207286411 ], [ 29.179908326284863, -1.665597815016274 ] ] ] } },
{ "type": "Feature", "properties": { "fid": 66628, "gref": "GOMA-BAT-151", "is_eligible": "true" }, "geometry": { "type": "Polygon", "coordinates": [ [ [ 29.178579235653451, -1.667131361244207 ], [ 29.178605087616727, -1.667138825926998 ], [ 29.178588894532918, -1.667195616116842 ], [ 29.178563042568399, -1.667188151434741 ], [ 29.178579235653451, -1.667131361244207 ] ] ] } },
{ "type": "Feature", "properties": { "fid": 66800, "gref": "GOMA-BAT-152", "is_eligible": "true" }, "geometry": { "type": "Polygon", "coordinates": [ [ [ 29.179166756089671, -1.667703604245453 ], [ 29.179007786626649, -1.667588231231706 ], [ 29.179082665167059, -1.667483752449421 ], [ 29.179241634610154, -1.667599125462514 ], [ 29.179166756089671, -1.667703604245453 ] ] ] } },
{ "type": "Feature", "properties": { "fid": 66820, "gref": "GOMA-BAT-153", "is_eligible": "true" }, "geometry": { "type": "Polygon", "coordinates": [ [ [ 29.179049211260899, -1.667239242386652 ], [ 29.178857440044219, -1.667106666074208 ], [ 29.178933245392322, -1.666995626242524 ], [ 29.178973853330877, -1.667023699550624 ], [ 29.17895551867003, -1.667050556201683 ], [ 29.179106681927845, -1.667155059206166 ], [ 29.179049211260899, -1.667239242386652 ] ] ] } },
{ "type": "Feature", "properties": { "fid": 66906, "gref": "GOMA-BAT-154", "is_eligible": "true" }, "geometry": { "type": "Polygon", "coordinates": [ [ [ 29.178880267866088, -1.666481001022101 ], [ 29.178901877540632, -1.666450275053283 ], [ 29.178961831316087, -1.666492974377831 ], [ 29.178940221643739, -1.666523700346685 ], [ 29.178880267866088, -1.666481001022101 ] ] ] } },
{ "type": "Feature", "properties": { "fid": 66910, "gref": "GOMA-BAT-155", "is_eligible": "true" }, "geometry": { "type": "Polygon", "coordinates": [ [ [ 29.178605540239239, -1.666625654843797 ], [ 29.178645896358287, -1.666552101668148 ], [ 29.17875496302182, -1.666612700151878 ], [ 29.178738737622144, -1.666642272616286 ], [ 29.178727848726584, -1.666636222642487 ], [ 29.178696744839655, -1.666692912684331 ], [ 29.178612784018554, -1.66664626325319 ], [ 29.178619757195406, -1.666633553920995 ], [ 29.178605540239239, -1.666625654843797 ] ] ] } },
{ "type": "Feature", "properties": { "fid": 66913, "gref": "GOMA-BAT-156", "is_eligible": "true" }, "geometry": { "type": "Polygon", "coordinates": [ [ [ 29.1788760517756, -1.66631626260727 ], [ 29.178917304780459, -1.666234197314847 ], [ 29.178979060550464, -1.666265633912732 ], [ 29.178988784570226, -1.666246289755913 ], [ 29.179040063792336, -1.666272393294369 ], [ 29.179017342254614, -1.66631759363788 ], [ 29.17903270967366, -1.666325416376562 ], [ 29.179003386003661, -1.666383750457912 ], [ 29.178959381777947, -1.666361350239721 ], [ 29.178952579788536, -1.666374881553454 ], [ 29.178902226964912, -1.666349249598349 ], [ 29.178910097150069, -1.666333593306023 ], [ 29.1788760517756, -1.66631626260727 ] ] ] } },
{ "type": "Feature", "properties": { "fid": 66924, "gref": "GOMA-BAT-157", "is_eligible": "true" }, "geometry": { "type": "Polygon", "coordinates": [ [ [ 29.179609336455947, -1.66515355216776 ], [ 29.179568372301762, -1.665129566724019 ], [ 29.17959331079291, -1.665086435793042 ], [ 29.179574236459533, -1.665075267335673 ], [ 29.179604716665828, -1.665022552053069 ], [ 29.179708124490798, -1.665083099692149 ], [ 29.179657080173733, -1.665171380462956 ], [ 29.179682483069914, -1.665186254433773 ], [ 29.179672756176736, -1.665203077025022 ], [ 29.17969429212198, -1.665215686807527 ], [ 29.17968314600278, -1.665234963940715 ], [ 29.179592837811029, -1.665182086451198 ], [ 29.179609336455947, -1.66515355216776 ] ] ] } },
{ "type": "Feature", "properties": { "fid": 66934, "gref": "GOMA-BAT-158", "is_eligible": "true" }, "geometry": { "type": "Polygon", "coordinates": [ [ [ 29.179353400743448, -1.666056656327288 ], [ 29.179429037069085, -1.666099871012736 ], [ 29.17941265486747, -1.666128906785507 ], [ 29.179417955089303, -1.666131935057777 ], [ 29.17935898991076, -1.666236444795015 ], [ 29.179329013907996, -1.666219318061387 ], [ 29.179341434903353, -1.666197303120641 ], [ 29.17929017688671, -1.666168016944122 ], [ 29.179317782513039, -1.666119088806939 ], [ 29.179289009879703, -1.66610264961145 ], [ 29.179315379548978, -1.666055912084387 ], [ 29.179344449642304, -1.666072521234222 ], [ 29.179353400743448, -1.666056656327288 ] ] ] } },
{ "type": "Feature", "properties": { "fid": 66937, "gref": "GOMA-BAT-159", "is_eligible": "true" }, "geometry": { "type": "Polygon", "coordinates": [ [ [ 29.179308575458403, -1.665116901419537 ], [ 29.179399950864106, -1.665164087924094 ], [ 29.179376214938316, -1.665210633688942 ], [ 29.179366311246959, -1.665205519397014 ], [ 29.179346866193185, -1.665243650831616 ], [ 29.179282669219393, -1.665210499346689 ], [ 29.179308575458403, -1.665116901419537 ] ] ] } },
{ "type": "Feature", "properties": { "fid": 66938, "gref": "GOMA-BAT-160", "is_eligible": "true" }, "geometry": { "type": "Polygon", "coordinates": [ [ [ 29.179470945339158, -1.666139612526935 ], [ 29.179602430622857, -1.666209680536388 ], [ 29.17958494792688, -1.666242902692099 ], [ 29.179576826989326, -1.666238575076094 ], [ 29.179531682498723, -1.666324362606735 ], [ 29.179462971810075, -1.666287746949595 ], [ 29.179471959874004, -1.666270667042054 ], [ 29.179417306201529, -1.666241542308851 ], [ 29.179470945339158, -1.666139612526935 ] ] ] } },
{ "type": "Feature", "properties": { "fid": 66941, "gref": "GOMA-BAT-161", "is_eligible": "true" }, "geometry": { "type": "Polygon", "coordinates": [ [ [ 29.179182107086763, -1.665279917047019 ], [ 29.179211910302428, -1.66522492672657 ], [ 29.179209019726123, -1.665223337543825 ], [ 29.179225105723017, -1.665193708271906 ], [ 29.179321493651759, -1.66524670048068 ], [ 29.179318513335996, -1.665252190013073 ], [ 29.179329395221529, -1.665258172661318 ], [ 29.179311343899958, -1.665291421929184 ], [ 29.179344460864886, -1.665309628988229 ], [ 29.179319563623132, -1.66535548796424 ], [ 29.179182107086763, -1.665279917047019 ] ] ] } },
{ "type": "Feature", "properties": { "fid": 66942, "gref": "GOMA-BAT-162", "is_eligible": "true" }, "geometry": { "type": "Polygon", "coordinates": [ [ [ 29.179301695971724, -1.665128323792471 ], [ 29.179285070859152, -1.66512471078554 ], [ 29.179279626604082, -1.665150079398039 ], [ 29.179216986416062, -1.665136466198675 ], [ 29.179225477942556, -1.665096898616975 ], [ 29.179231148023394, -1.665098130873946 ], [ 29.179239464105176, -1.665059382908212 ], [ 29.179313058657829, -1.665075377050042 ], [ 29.179301695971724, -1.665128323792471 ] ] ] } },
{ "type": "Feature", "properties": { "fid": 66945, "gref": "GOMA-BAT-163", "is_eligible": "true" }, "geometry": { "type": "Polygon", "coordinates": [ [ [ 29.179085581340779, -1.665246707117251 ], [ 29.179044703293826, -1.665318508784989 ], [ 29.179035810479533, -1.665334128878275 ], [ 29.179016892117904, -1.665323221974323 ], [ 29.179011921927728, -1.665331952037644 ], [ 29.1789706546211, -1.665308160412083 ], [ 29.179025395678703, -1.665212008586872 ], [ 29.179085581340779, -1.665246707117251 ] ] ] } },
{ "type": "Feature", "properties": { "fid": 67074, "gref": "GOMA-BAT-164", "is_eligible": "true" }, "geometry": { "type": "Polygon", "coordinates": [ [ [ 29.179978560336625, -1.665605115965199 ], [ 29.179987314907059, -1.665611791593671 ], [ 29.180006658022084, -1.665586103532028 ], [ 29.180151350286057, -1.665696435803217 ], [ 29.180094485691068, -1.665771953194481 ], [ 29.179941038842792, -1.66565494529376 ], [ 29.179978560336625, -1.665605115965199 ] ] ] } },
{ "type": "Feature", "properties": { "fid": 67201, "gref": "GOMA-BAT-165", "is_eligible": "true" }, "geometry": { "type": "Polygon", "coordinates": [ [ [ 29.179670957225088, -1.665449150900516 ], [ 29.179767751728544, -1.665509978220262 ], [ 29.179739044332191, -1.66555623848913 ], [ 29.179642249823647, -1.665495411169816 ], [ 29.179670957225088, -1.665449150900516 ] ] ] } },
{ "type": "Feature", "properties": { "fid": 67236, "gref": "GOMA-BAT-166", "is_eligible": "true" }, "geometry": { "type": "Polygon", "coordinates": [ [ [ 29.179406320440965, -1.666323560965939 ], [ 29.179545309230132, -1.666374984617659 ], [ 29.179510756021003, -1.666469558352646 ], [ 29.179480928931284, -1.666458522614516 ], [ 29.179465195313284, -1.666501586013744 ], [ 29.179401991713885, -1.666478202119369 ], [ 29.179419424458555, -1.666430488810943 ], [ 29.179373465686385, -1.666413485129716 ], [ 29.179406320440965, -1.666323560965939 ] ] ] } },
{ "type": "Feature", "properties": { "fid": 67325, "gref": "GOMA-BAT-167", "is_eligible": "true" }, "geometry": { "type": "Polygon", "coordinates": [ [ [ 29.179129893201338, -1.666952811389442 ], [ 29.17921529733033, -1.667030023175313 ], [ 29.179184091892495, -1.667064976877947 ], [ 29.179098687759652, -1.666987765091123 ], [ 29.179129893201338, -1.666952811389442 ] ] ] } },
{ "type": "Feature", "properties": { "fid": 67365, "gref": "GOMA-BAT-168", "is_eligible": "true" }, "geometry": { "type": "Polygon", "coordinates": [ [ [ 29.179169223113323, -1.666353610034408 ], [ 29.179234846050495, -1.666392410587803 ], [ 29.179210940933952, -1.666433353591787 ], [ 29.179145317335792, -1.666394553039512 ], [ 29.179169223113323, -1.666353610034408 ] ] ] } },
{ "type": "Feature", "properties": { "fid": 67487, "gref": "GOMA-BAT-169", "is_eligible": "true" }, "geometry": { "type": "Polygon", "coordinates": [ [ [ 29.180251598408201, -1.66499128020441 ], [ 29.180307890148889, -1.665007201606804 ], [ 29.180295139290529, -1.665052854187547 ], [ 29.180238847547695, -1.665036932786374 ], [ 29.180251598408201, -1.66499128020441 ] ] ] } },
{ "type": "Feature", "properties": { "fid": 77365, "gref": "GOMA-BAT-170", "is_eligible": "true" }, "geometry": { "type": "Polygon", "coordinates": [ [ [ 29.185343379008227, -1.666829828510237 ], [ 29.185329303915442, -1.666823728562435 ], [ 29.185306763214506, -1.666881662429358 ], [ 29.185244399591255, -1.666866081265928 ], [ 29.185257707297541, -1.666767622104891 ], [ 29.185352764341605, -1.666807898615628 ], [ 29.185343379008227, -1.666829828510237 ] ] ] } },
{ "type": "Feature", "properties": { "fid": 78587, "gref": "GOMA-BAT-171", "is_eligible": "true" }, "geometry": { "type": "Polygon", "coordinates": [ [ [ 29.185181581999519, -1.667410443616853 ], [ 29.185243702583808, -1.667418049248348 ], [ 29.185234495588663, -1.667494206709702 ], [ 29.185172375001979, -1.667486601743203 ], [ 29.185181581999519, -1.667410443616853 ] ] ] } },
{ "type": "Feature", "properties": { "fid": 89598, "gref": "GOMA-BAT-172", "is_eligible": "true" }, "geometry": { "type": "Polygon", "coordinates": [ [ [ 29.185080490775562, -1.667932385232393 ], [ 29.185142503692962, -1.667929234071898 ], [ 29.18514404440263, -1.66795993796339 ], [ 29.185082031484399, -1.667963089125205 ], [ 29.185080490775562, -1.667932385232393 ] ] ] } },
{ "type": "Feature", "properties": { "fid": 93244, "gref": "GOMA-BAT-173", "is_eligible": "true" }, "geometry": { "type": "Polygon", "coordinates": [ [ [ 29.185083496077684, -1.667542291624235 ], [ 29.185110285692371, -1.66754581084266 ], [ 29.185106265594353, -1.667576804857872 ], [ 29.185079475979848, -1.667573286302101 ], [ 29.185083496077684, -1.667542291624235 ] ] ] } },
{ "type": "Feature", "properties": { "fid": 113678, "gref": "GOMA-BAT-174", "is_eligible": "true" }, "geometry": { "type": "Polygon", "coordinates": [ [ [ 29.185053823882996, -1.667590980754857 ], [ 29.185150832418351, -1.667607642960262 ], [ 29.185140767884025, -1.667666979348691 ], [ 29.185128559947245, -1.667664882205433 ], [ 29.18512526650931, -1.667684298950195 ], [ 29.185040465850058, -1.667669733593342 ], [ 29.185053823882996, -1.667590980754857 ] ] ] } },
{ "type": "Feature", "properties": { "fid": 123794, "gref": "GOMA-BAT-175", "is_eligible": "true" }, "geometry": { "type": "Polygon", "coordinates": [ [ [ 29.179815538082995, -1.665626196721404 ], [ 29.179741857707782, -1.665683129258632 ], [ 29.179639606754069, -1.665617382446938 ], [ 29.179664503860412, -1.665578171825983 ], [ 29.179673000002204, -1.665583634800216 ], [ 29.179699369936952, -1.665542104611623 ], [ 29.179819774796403, -1.665619524291437 ], [ 29.179815538082995, -1.665626196721404 ] ] ] } },
{ "type": "Feature", "properties": { "fid": 123800, "gref": "GOMA-BAT-176", "is_eligible": "true" }, "geometry": { "type": "Polygon", "coordinates": [ [ [ 29.179522602912197, -1.665889021638462 ], [ 29.179550870711239, -1.665838249816497 ], [ 29.17956029582621, -1.665821321358326 ], [ 29.179605810404926, -1.665846982849947 ], [ 29.179596385290768, -1.665863911308014 ], [ 29.179670638392096, -1.665905775806739 ], [ 29.179729330766772, -1.665938867036789 ], [ 29.179701062977596, -1.665989638857149 ], [ 29.179522602912197, -1.665889021638462 ] ] ] } },
{ "type": "Feature", "properties": { "fid": 127491, "gref": "GOMA-BAT-177", "is_eligible": "true" }, "geometry": { "type": "Polygon", "coordinates": [ [ [ 29.184886593177435, -1.668084752541648 ], [ 29.184925323404837, -1.668084199396892 ], [ 29.184926181975776, -1.668145046530089 ], [ 29.18488745174723, -1.66814559967644 ], [ 29.184886593177435, -1.668084752541648 ] ] ] } },
{ "type": "Feature", "properties": { "fid": 127541, "gref": "GOMA-BAT-178", "is_eligible": "true" }, "geometry": { "type": "Polygon", "coordinates": [ [ [ 29.185241426956036, -1.667132592094147 ], [ 29.185286955479206, -1.667152452897041 ], [ 29.185261749529197, -1.667210965904528 ], [ 29.185216220838893, -1.667191105102691 ], [ 29.185241426956036, -1.667132592094147 ] ] ] } },
{ "type": "Feature", "properties": { "fid": 127578, "gref": "GOMA-BAT-179", "is_eligible": "true" }, "geometry": { "type": "Polygon", "coordinates": [ [ [ 29.185303243171536, -1.668017305230053 ], [ 29.185396419100925, -1.668014745808072 ], [ 29.185397733329509, -1.668063204154297 ], [ 29.185304557562503, -1.668065763579178 ], [ 29.185303243171536, -1.668017305230053 ] ] ] } },
{ "type": "Feature", "properties": { "fid": 148267, "gref": "GOMA-BAT-180", "is_eligible": "true" }, "geometry": { "type": "Polygon", "coordinates": [ [ [ 29.179422070377992, -1.664505089005129 ], [ 29.179447161360695, -1.664507381293992 ], [ 29.179444512892584, -1.664536738352201 ], [ 29.179419422568156, -1.664534446725224 ], [ 29.179422070377992, -1.664505089005129 ] ] ] } },
{ "type": "Feature", "properties": { "fid": 148748, "gref": "GOMA-BAT-181", "is_eligible": "true" }, "geometry": { "type": "Polygon", "coordinates": [ [ [ 29.17915886082061, -1.66445934919022 ], [ 29.179407462945662, -1.664448747685438 ], [ 29.179413866800605, -1.66453054619073 ], [ 29.179224460972666, -1.664543464553192 ], [ 29.179209570918083, -1.664634099856151 ], [ 29.179113242264538, -1.664603155479869 ], [ 29.17915886082061, -1.66445934919022 ] ] ] } },
{ "type": "Feature", "properties": { "fid": 148753, "gref": "GOMA-BAT-182", "is_eligible": "true" }, "geometry": { "type": "Polygon", "coordinates": [ [ [ 29.179500203958284, -1.664632682411983 ], [ 29.179515001489666, -1.664631300811032 ], [ 29.179520645729355, -1.664692518177465 ], [ 29.179425945436439, -1.664701360060811 ], [ 29.179420301198931, -1.664640142690269 ], [ 29.179456874385494, -1.664636727963131 ], [ 29.17945297703087, -1.664594457264559 ], [ 29.17951497144831, -1.664588669034824 ], [ 29.179516993038753, -1.664610595195023 ], [ 29.179498328193247, -1.664612337875214 ], [ 29.179500203958284, -1.664632682411983 ] ] ] } },
{ "type": "Feature", "properties": { "fid": 148780, "gref": "GOMA-BAT-183", "is_eligible": "true" }, "geometry": { "type": "Polygon", "coordinates": [ [ [ 29.17961206719621, -1.664723622592334 ], [ 29.179686762388883, -1.664770162568798 ], [ 29.179653296953994, -1.664824553390057 ], [ 29.179578601756717, -1.664778013414014 ], [ 29.17961206719621, -1.664723622592334 ] ] ] } },
{ "type": "Feature", "properties": { "fid": 148786, "gref": "GOMA-BAT-184", "is_eligible": "true" }, "geometry": { "type": "Polygon", "coordinates": [ [ [ 29.17981244029405, -1.66460779210861 ], [ 29.17979539299802, -1.664723606551703 ], [ 29.179608346234424, -1.664688202961361 ], [ 29.179629096453699, -1.664600772386989 ], [ 29.179665936913977, -1.664609626541627 ], [ 29.179671210525935, -1.664587406298246 ], [ 29.17981244029405, -1.66460779210861 ] ] ] } },
{ "type": "Feature", "properties": { "fid": 148862, "gref": "GOMA-BAT-185", "is_eligible": "true" }, "geometry": { "type": "Polygon", "coordinates": [ [ [ 29.179435180753419, -1.664784657517209 ], [ 29.179431744785109, -1.664895652775286 ], [ 29.179215332371918, -1.664888868714113 ], [ 29.179216785456141, -1.664841928534331 ], [ 29.179287500745808, -1.664844145310721 ], [ 29.179289483640549, -1.664780090219702 ], [ 29.179435180753419, -1.664784657517209 ] ] ] } },
{ "type": "Feature", "properties": { "fid": 148905, "gref": "GOMA-BAT-186", "is_eligible": "true" }, "geometry": { "type": "Polygon", "coordinates": [ [ [ 29.179975840494176, -1.664827967323802 ], [ 29.179940702031089, -1.664891089032699 ], [ 29.17992923060304, -1.66488462231273 ], [ 29.179908503420513, -1.664921856018059 ], [ 29.179858734243307, -1.664893799934967 ], [ 29.179851616322576, -1.664906586358877 ], [ 29.179730065710149, -1.664838065340462 ], [ 29.179785138605006, -1.664769417665295 ], [ 29.179815193088974, -1.664768520075922 ], [ 29.179834085075459, -1.664768499053061 ], [ 29.179853819645107, -1.664753786622261 ], [ 29.179975840494176, -1.664827967323802 ] ] ] } },
{ "type": "Feature", "properties": { "fid": 148921, "gref": "GOMA-BAT-187", "is_eligible": "true" }, "geometry": { "type": "Polygon", "coordinates": [ [ [ 29.180134429290959, -1.664968695338386 ], [ 29.180065861848878, -1.6649373020568 ], [ 29.180101179987695, -1.664859185781003 ], [ 29.180167662626708, -1.664889624549317 ], [ 29.180159445126378, -1.664907799929242 ], [ 29.180172732873114, -1.664913883661771 ], [ 29.180162327966091, -1.664936897125483 ], [ 29.18015112501682, -1.664931767907918 ], [ 29.180134429290959, -1.664968695338386 ] ] ] } },
{ "type": "Feature", "properties": { "fid": 148925, "gref": "GOMA-BAT-188", "is_eligible": "true" }, "geometry": { "type": "Polygon", "coordinates": [ [ [ 29.179768868292978, -1.664972039780133 ], [ 29.179810748977253, -1.664895165250358 ], [ 29.17992472936605, -1.664958046900825 ], [ 29.179882848691243, -1.665034921428899 ], [ 29.179768868292978, -1.664972039780133 ] ] ] } },
{ "type": "Feature", "properties": { "fid": 148927, "gref": "GOMA-BAT-189", "is_eligible": "true" }, "geometry": { "type": "Polygon", "coordinates": [ [ [ 29.179679757360571, -1.664886356280188 ], [ 29.179747597429287, -1.664904298315925 ], [ 29.17972280722147, -1.664999218234159 ], [ 29.179654967147474, -1.664981276201584 ], [ 29.179679757360571, -1.664886356280188 ] ] ] } },
{ "type": "Feature", "properties": { "fid": 148929, "gref": "GOMA-BAT-190", "is_eligible": "true" }, "geometry": { "type": "Polygon", "coordinates": [ [ [ 29.179914794932731, -1.66475890363975 ], [ 29.179912154179469, -1.664700144700241 ], [ 29.179946497544584, -1.664694921611446 ], [ 29.179973073436177, -1.664654277211491 ], [ 29.180029769327756, -1.664672361169152 ], [ 29.180025494687879, -1.664689648830156 ], [ 29.180079620097963, -1.664712920515988 ], [ 29.180035063187155, -1.66480111291231 ], [ 29.179914794932731, -1.66475890363975 ] ] ] } },
{ "type": "Feature", "properties": { "fid": 148967, "gref": "GOMA-BAT-191", "is_eligible": "true" }, "geometry": { "type": "Polygon", "coordinates": [ [ [ 29.179216785456141, -1.664841928534331 ], [ 29.179215332371918, -1.664888868714113 ], [ 29.179212677486607, -1.664974631782794 ], [ 29.17914877805681, -1.664972628672742 ], [ 29.17908767416705, -1.664992341559602 ], [ 29.179000206777758, -1.664995323060466 ], [ 29.179002835264271, -1.664910413033289 ], [ 29.179109741961856, -1.664913764340284 ], [ 29.17911108340628, -1.664870430603917 ], [ 29.179146710653342, -1.664871547445148 ], [ 29.179147694586632, -1.664839762677544 ], [ 29.179216785456141, -1.664841928534331 ] ] ] } },
{ "type": "Feature", "properties": { "fid": 149174, "gref": "GOMA-BAT-192", "is_eligible": "true" }, "geometry": { "type": "Polygon", "coordinates": [ [ [ 29.180932215502565, -1.664999415456563 ], [ 29.180680730681214, -1.664884106398724 ], [ 29.180793786140008, -1.664597862106601 ], [ 29.180828600152953, -1.664502456141857 ], [ 29.181516399655234, -1.664766122590657 ], [ 29.181372370949163, -1.665160407345648 ], [ 29.180932215502565, -1.664999415456563 ] ] ] } },
{ "type": "Feature", "properties": { "fid": 157542, "gref": "GOMA-BAT-193", "is_eligible": "true" }, "geometry": { "type": "Polygon", "coordinates": [ [ [ 29.185020837639648, -1.667693186018987 ], [ 29.185062070812258, -1.667695677985156 ], [ 29.185058053464093, -1.667763001804373 ], [ 29.185016820290588, -1.667760510502101 ], [ 29.185020837639648, -1.667693186018987 ] ] ] } },
{ "type": "Feature", "properties": { "fid": 157612, "gref": "GOMA-BAT-194", "is_eligible": "true" }, "geometry": { "type": "Polygon", "coordinates": [ [ [ 29.184845967489146, -1.667060005396116 ], [ 29.184878735678282, -1.667061985060075 ], [ 29.184876415342913, -1.667100870070626 ], [ 29.184918992405155, -1.667103442662637 ], [ 29.184916456286167, -1.667145943280877 ], [ 29.184945378346008, -1.667147690848397 ], [ 29.184940458098239, -1.667230144602726 ], [ 29.184922375908556, -1.667229052380629 ], [ 29.184919555849138, -1.667276311563659 ], [ 29.184833370716877, -1.667271103311034 ], [ 29.184845967489146, -1.667060005396116 ] ] ] } },
{ "type": "Feature", "properties": { "fid": 161012, "gref": "GOMA-BAT-195", "is_eligible": "true" }, "geometry": { "type": "Polygon", "coordinates": [ [ [ 29.183412638849493, -1.668412548137034 ], [ 29.18341258989232, -1.668368166285263 ], [ 29.183449107741708, -1.668368125493267 ], [ 29.183449156699691, -1.668412507343952 ], [ 29.183412638849493, -1.668412548137034 ] ] ] } },
{ "type": "Feature", "properties": { "fid": 161014, "gref": "GOMA-BAT-196", "is_eligible": "true" }, "geometry": { "type": "Polygon", "coordinates": [ [ [ 29.181564572294672, -1.665624850035863 ], [ 29.18159576856749, -1.665645382524905 ], [ 29.181579262473083, -1.665670778736021 ], [ 29.181548066198978, -1.665650245915943 ], [ 29.181564572294672, -1.665624850035863 ] ] ] } },
{ "type": "Feature", "properties": { "fid": 161015, "gref": "GOMA-BAT-197", "is_eligible": "true" }, "geometry": { "type": "Polygon", "coordinates": [ [ [ 29.1811102956305, -1.665399677187452 ], [ 29.181143620514103, -1.665419578440128 ], [ 29.181128575964813, -1.665445089895315 ], [ 29.181095251080265, -1.665425188642757 ], [ 29.1811102956305, -1.665399677187452 ] ] ] } },
{ "type": "Feature", "properties": { "fid": 161016, "gref": "GOMA-BAT-198", "is_eligible": "true" }, "geometry": { "type": "Polygon", "coordinates": [ [ [ 29.182836778035917, -1.666491717445544 ], [ 29.182874323522778, -1.666496816544132 ], [ 29.182870064357211, -1.666528569365135 ], [ 29.182832519527182, -1.666523469935419 ], [ 29.182836778035917, -1.666491717445544 ] ] ] } },
{ "type": "Feature", "properties": { "fid": 161019, "gref": "GOMA-BAT-199", "is_eligible": "true" }, "geometry": { "type": "Polygon", "coordinates": [ [ [ 29.182810148509446, -1.667242384606223 ], [ 29.18284675890186, -1.667271885846628 ], [ 29.18283058712003, -1.667292208913197 ], [ 29.182793976726689, -1.667262707672673 ], [ 29.182810148509446, -1.667242384606223 ] ] ] } },
{ "type": "Feature", "properties": { "fid": 161020, "gref": "GOMA-BAT-200", "is_eligible": "true" }, "geometry": { "type": "Polygon", "coordinates": [ [ [ 29.181618447382125, -1.665682447300075 ], [ 29.181637711899892, -1.665698967500757 ], [ 29.181608559331636, -1.665733393399378 ], [ 29.181589294813019, -1.665716873198519 ], [ 29.181618447382125, -1.665682447300075 ] ] ] } },
{ "type": "Feature", "properties": { "fid": 161023, "gref": "GOMA-BAT-201", "is_eligible": "true" }, "geometry": { "type": "Polygon", "coordinates": [ [ [ 29.184146214720879, -1.667485809257119 ], [ 29.184177456107189, -1.6674875595373 ], [ 29.184175240679647, -1.667527601896547 ], [ 29.184143999292615, -1.667525851617149 ], [ 29.184146214720879, -1.667485809257119 ] ] ] } },
{ "type": "Feature", "properties": { "fid": 161024, "gref": "GOMA-BAT-202", "is_eligible": "true" }, "geometry": { "type": "Polygon", "coordinates": [ [ [ 29.184782805570496, -1.667205795390981 ], [ 29.184832459204543, -1.667219592621597 ], [ 29.184824560681633, -1.667248378050503 ], [ 29.1847749070464, -1.667234580820574 ], [ 29.184782805570496, -1.667205795390981 ] ] ] } },
{ "type": "Feature", "properties": { "fid": 161025, "gref": "GOMA-BAT-203", "is_eligible": "true" }, "geometry": { "type": "Polygon", "coordinates": [ [ [ 29.183726829771963, -1.667473880708882 ], [ 29.183767350346866, -1.667491135606578 ], [ 29.183756442898602, -1.667517073832434 ], [ 29.183715922322673, -1.66749981893511 ], [ 29.183726829771963, -1.667473880708882 ] ] ] } },
{ "type": "Feature", "properties": { "fid": 161026, "gref": "GOMA-BAT-204", "is_eligible": "true" }, "geometry": { "type": "Polygon", "coordinates": [ [ [ 29.183631826522895, -1.667173885193446 ], [ 29.183671534978252, -1.667186244366924 ], [ 29.183662738073121, -1.667214865277334 ], [ 29.183623029616776, -1.667202506104351 ], [ 29.183631826522895, -1.667173885193446 ] ] ] } },
{ "type": "Feature", "properties": { "fid": 161027, "gref": "GOMA-BAT-205", "is_eligible": "true" }, "geometry": { "type": "Polygon", "coordinates": [ [ [ 29.182243094166765, -1.666209408705761 ], [ 29.182267856839751, -1.6662183245111 ], [ 29.182251807777604, -1.666263465386617 ], [ 29.182227044445593, -1.666254549582465 ], [ 29.182243094166765, -1.666209408705761 ] ] ] } },
{ "type": "Feature", "properties": { "fid": 161028, "gref": "GOMA-BAT-206", "is_eligible": "true" }, "geometry": { "type": "Polygon", "coordinates": [ [ [ 29.180522687940474, -1.665885689862265 ], [ 29.180563705087959, -1.665901688572447 ], [ 29.180554152619763, -1.665926489053639 ], [ 29.180513135470953, -1.665910490012755 ], [ 29.180522687940474, -1.665885689862265 ] ] ] } },
{ "type": "Feature", "properties": { "fid": 161029, "gref": "GOMA-BAT-207", "is_eligible": "true" }, "geometry": { "type": "Polygon", "coordinates": [ [ [ 29.180811017697405, -1.665301803689297 ], [ 29.18084970818769, -1.665321161968284 ], [ 29.180836478814545, -1.665347937613536 ], [ 29.180797788323186, -1.665328579334797 ], [ 29.180811017697405, -1.665301803689297 ] ] ] } },
{ "type": "Feature", "properties": { "fid": 161035, "gref": "GOMA-BAT-208", "is_eligible": "true" }, "geometry": { "type": "Polygon", "coordinates": [ [ [ 29.18119866692285, -1.666503380718428 ], [ 29.181223416071564, -1.666520617216776 ], [ 29.181198971114107, -1.66655616057398 ], [ 29.181174221964355, -1.666538924075635 ], [ 29.18119866692285, -1.666503380718428 ] ] ] } },
{ "type": "Feature", "properties": { "fid": 161036, "gref": "GOMA-BAT-209", "is_eligible": "true" }, "geometry": { "type": "Polygon", "coordinates": [ [ [ 29.18466409185282, -1.667366622236514 ], [ 29.184696999338104, -1.667370797448528 ], [ 29.184692055835026, -1.667410247564045 ], [ 29.184659148348878, -1.667406072352805 ], [ 29.18466409185282, -1.667366622236514 ] ] ] } },
{ "type": "Feature", "properties": { "fid": 161037, "gref": "GOMA-BAT-210", "is_eligible": "true" }, "geometry": { "type": "Polygon", "coordinates": [ [ [ 29.182703559830504, -1.666819897574692 ], [ 29.182748302685283, -1.666834038989211 ], [ 29.182739890168168, -1.66686099217296 ], [ 29.182695147312337, -1.666846850758979 ], [ 29.182703559830504, -1.666819897574692 ] ] ] } },
{ "type": "Feature", "properties": { "fid": 161038, "gref": "GOMA-BAT-211", "is_eligible": "true" }, "geometry": { "type": "Polygon", "coordinates": [ [ [ 29.181509689691062, -1.666298099806684 ], [ 29.181547753707317, -1.666325610712335 ], [ 29.181530948819535, -1.666349156205102 ], [ 29.181492884802203, -1.666321645299403 ], [ 29.181509689691062, -1.666298099806684 ] ] ] } },
{ "type": "Feature", "properties": { "fid": 161039, "gref": "GOMA-BAT-212", "is_eligible": "true" }, "geometry": { "type": "Polygon", "coordinates": [ [ [ 29.183613595277819, -1.66753208085646 ], [ 29.18363589935225, -1.667542516689534 ], [ 29.183612468422353, -1.667593228893486 ], [ 29.183590164346782, -1.667582793060743 ], [ 29.183613595277819, -1.66753208085646 ] ] ] } },
{ "type": "Feature", "properties": { "fid": 161040, "gref": "GOMA-BAT-213", "is_eligible": "true" }, "geometry": { "type": "Polygon", "coordinates": [ [ [ 29.183118518887483, -1.66835957178075 ], [ 29.183160827979226, -1.668365507105803 ], [ 29.183156366685669, -1.668397710749069 ], [ 29.183114057592995, -1.668391775424816 ], [ 29.183118518887483, -1.66835957178075 ] ] ] } },
{ "type": "Feature", "properties": { "fid": 161041, "gref": "GOMA-BAT-214", "is_eligible": "true" }, "geometry": { "type": "Polygon", "coordinates": [ [ [ 29.181148950722566, -1.665093259089793 ], [ 29.181199059166953, -1.665111798305162 ], [ 29.18118994820939, -1.665136735514363 ], [ 29.18113983943466, -1.665118196134305 ], [ 29.181148950722566, -1.665093259089793 ] ] ] } },
{ "type": "Feature", "properties": { "fid": 161042, "gref": "GOMA-BAT-215", "is_eligible": "true" }, "geometry": { "type": "Polygon", "coordinates": [ [ [ 29.18389194415035, -1.667202748185577 ], [ 29.183935641174827, -1.667222038316017 ], [ 29.183923497474662, -1.667249893534725 ], [ 29.183879801106979, -1.667230603403925 ], [ 29.18389194415035, -1.667202748185577 ] ] ] } },
{ "type": "Feature", "properties": { "fid": 161043, "gref": "GOMA-BAT-216", "is_eligible": "true" }, "geometry": { "type": "Polygon", "coordinates": [ [ [ 29.182711999641072, -1.666204809590297 ], [ 29.182757385574163, -1.666222741812239 ], [ 29.182746651560993, -1.66625025180642 ], [ 29.182701265626719, -1.66623231958494 ], [ 29.182711999641072, -1.666204809590297 ] ] ] } },
{ "type": "Feature", "properties": { "fid": 161044, "gref": "GOMA-BAT-217", "is_eligible": "true" }, "geometry": { "type": "Polygon", "coordinates": [ [ [ 29.182749883366135, -1.666352125900366 ], [ 29.182785863895354, -1.666372558314338 ], [ 29.18277166110715, -1.666397885076314 ], [ 29.18273568057694, -1.666377452662501 ], [ 29.182749883366135, -1.666352125900366 ] ] ] } },
{ "type": "Feature", "properties": { "fid": 161045, "gref": "GOMA-BAT-218", "is_eligible": "true" }, "geometry": { "type": "Polygon", "coordinates": [ [ [ 29.182058812243159, -1.666891027183803 ], [ 29.182097912241897, -1.666915791928184 ], [ 29.182081252575298, -1.66694242787701 ], [ 29.182042152575367, -1.666917663132723 ], [ 29.182058812243159, -1.666891027183803 ] ] ] } },
{ "type": "Feature", "properties": { "fid": 161046, "gref": "GOMA-BAT-219", "is_eligible": "true" }, "geometry": { "type": "Polygon", "coordinates": [ [ [ 29.18115472226668, -1.666039680493533 ], [ 29.181189147705116, -1.66607454971953 ], [ 29.181168159675128, -1.666095533022389 ], [ 29.181133734235729, -1.666060663796041 ], [ 29.18115472226668, -1.666039680493533 ] ] ] } },
{ "type": "Feature", "properties": { "fid": 161048, "gref": "GOMA-BAT-220", "is_eligible": "true" }, "geometry": { "type": "Polygon", "coordinates": [ [ [ 29.184324236884244, -1.667065919057242 ], [ 29.184372831763746, -1.667086111522353 ], [ 29.184362197372227, -1.667112028906496 ], [ 29.184313602492242, -1.66709183710397 ], [ 29.184324236884244, -1.667065919057242 ] ] ] } },
{ "type": "Feature", "properties": { "fid": 161049, "gref": "GOMA-BAT-221", "is_eligible": "true" }, "geometry": { "type": "Polygon", "coordinates": [ [ [ 29.182751262369507, -1.666682307890816 ], [ 29.182790756826254, -1.666688557295136 ], [ 29.182785004302158, -1.666725371650728 ], [ 29.182745509844029, -1.66671912191616 ], [ 29.182751262369507, -1.666682307890816 ] ] ] } },
{ "type": "Feature", "properties": { "fid": 161050, "gref": "GOMA-BAT-222", "is_eligible": "true" }, "geometry": { "type": "Polygon", "coordinates": [ [ [ 29.182505835795133, -1.667076810991744 ], [ 29.182548136357635, -1.667100103481212 ], [ 29.182532460207067, -1.667128932716474 ], [ 29.182490159643983, -1.667105640889407 ], [ 29.182505835795133, -1.667076810991744 ] ] ] } },
{ "type": "Feature", "properties": { "fid": 161051, "gref": "GOMA-BAT-223", "is_eligible": "true" }, "geometry": { "type": "Polygon", "coordinates": [ [ [ 29.180753671188299, -1.666348310491079 ], [ 29.180775351685689, -1.666363269622266 ], [ 29.18074246565854, -1.666411535473403 ], [ 29.18072078515991, -1.666396576342229 ], [ 29.180753671188299, -1.666348310491079 ] ] ] } },
{ "type": "Feature", "properties": { "fid": 161052, "gref": "GOMA-BAT-224", "is_eligible": "true" }, "geometry": { "type": "Polygon", "coordinates": [ [ [ 29.183436119598323, -1.6675490209633 ], [ 29.183484625673898, -1.667562041735647 ], [ 29.183476277406733, -1.667593534582161 ], [ 29.183427771987184, -1.66758051314768 ], [ 29.183436119598323, -1.6675490209633 ] ] ] } },
{ "type": "Feature", "properties": { "fid": 161053, "gref": "GOMA-BAT-225", "is_eligible": "true" }, "geometry": { "type": "Polygon", "coordinates": [ [ [ 29.183685413096995, -1.666730291574263 ], [ 29.183739940797423, -1.666748318163218 ], [ 29.183730711193505, -1.666776590265924 ], [ 29.183676183491706, -1.666758563677652 ], [ 29.183685413096995, -1.666730291574263 ] ] ] } },
{ "type": "Feature", "properties": { "fid": 161054, "gref": "GOMA-BAT-226", "is_eligible": "true" }, "geometry": { "type": "Polygon", "coordinates": [ [ [ 29.182820099668739, -1.666681156417478 ], [ 29.182853900043579, -1.666684094108118 ], [ 29.182850931715741, -1.666718676869602 ], [ 29.182817131340183, -1.666715739179689 ], [ 29.182820099668739, -1.666681156417478 ] ] ] } },
{ "type": "Feature", "properties": { "fid": 161055, "gref": "GOMA-BAT-227", "is_eligible": "true" }, "geometry": { "type": "Polygon", "coordinates": [ [ [ 29.182464143505204, -1.666311221373786 ], [ 29.182516265437354, -1.666327946924084 ], [ 29.1825081422955, -1.666353581763426 ], [ 29.182456020362181, -1.666336856213718 ], [ 29.182464143505204, -1.666311221373786 ] ] ] } },
{ "type": "Feature", "properties": { "fid": 161056, "gref": "GOMA-BAT-228", "is_eligible": "true" }, "geometry": { "type": "Polygon", "coordinates": [ [ [ 29.184761690615773, -1.666761219831391 ], [ 29.184805499008988, -1.666775916117431 ], [ 29.184795841380222, -1.666805069680781 ], [ 29.184752032985859, -1.666790373395289 ], [ 29.184761690615773, -1.666761219831391 ] ] ] } },
{ "type": "Feature", "properties": { "fid": 161057, "gref": "GOMA-BAT-229", "is_eligible": "true" }, "geometry": { "type": "Polygon", "coordinates": [ [ [ 29.183221359895086, -1.666491790658224 ], [ 29.183258923725646, -1.666509366401675 ], [ 29.183246499941554, -1.66653625419468 ], [ 29.183208936767972, -1.66651867845079 ], [ 29.183221359895086, -1.666491790658224 ] ] ] } },
{ "type": "Feature", "properties": { "fid": 161058, "gref": "GOMA-BAT-230", "is_eligible": "true" }, "geometry": { "type": "Polygon", "coordinates": [ [ [ 29.181036898878055, -1.666037142959469 ], [ 29.181061745391382, -1.666055266982417 ], [ 29.181029233624052, -1.666100402720569 ], [ 29.181004387109741, -1.666082279028652 ], [ 29.181036898878055, -1.666037142959469 ] ] ] } },
{ "type": "Feature", "properties": { "fid": 161059, "gref": "GOMA-BAT-231", "is_eligible": "true" }, "geometry": { "type": "Polygon", "coordinates": [ [ [ 29.180370508001459, -1.666226486306141 ], [ 29.180413178309085, -1.666251968572468 ], [ 29.180397959867552, -1.66627777456528 ], [ 29.180355289559067, -1.666252292630187 ], [ 29.180370508001459, -1.666226486306141 ] ] ] } },
{ "type": "Feature", "properties": { "fid": 161060, "gref": "GOMA-BAT-232", "is_eligible": "true" }, "geometry": { "type": "Polygon", "coordinates": [ [ [ 29.181294523140082, -1.665387436775639 ], [ 29.181320074497993, -1.665402695692934 ], [ 29.18129593288446, -1.66544363361618 ], [ 29.181270381525383, -1.665428374699029 ], [ 29.181294523140082, -1.665387436775639 ] ] ] } },
{ "type": "Feature", "properties": { "fid": 161061, "gref": "GOMA-BAT-233", "is_eligible": "true" }, "geometry": { "type": "Polygon", "coordinates": [ [ [ 29.184209415108871, -1.667455656283838 ], [ 29.184245410099177, -1.667473078448981 ], [ 29.184229899859137, -1.667505529474489 ], [ 29.18419390486763, -1.667488107309668 ], [ 29.184209415108871, -1.667455656283838 ] ] ] } },
{ "type": "Feature", "properties": { "fid": 161063, "gref": "GOMA-BAT-234", "is_eligible": "true" }, "geometry": { "type": "Polygon", "coordinates": [ [ [ 29.183953564088526, -1.666935113537393 ], [ 29.184013918676879, -1.666947399997313 ], [ 29.184008369878541, -1.666974999541921 ], [ 29.183948015946942, -1.666962713082167 ], [ 29.183953564088526, -1.666935113537393 ] ] ] } },
{ "type": "Feature", "properties": { "fid": 161064, "gref": "GOMA-BAT-235", "is_eligible": "true" }, "geometry": { "type": "Polygon", "coordinates": [ [ [ 29.183809835942434, -1.666693270961505 ], [ 29.183857339147711, -1.66670447127815 ], [ 29.183850673528458, -1.666733101723052 ], [ 29.183803169664099, -1.666721901407842 ], [ 29.183809835942434, -1.666693270961505 ] ] ] } },
{ "type": "Feature", "properties": { "fid": 161065, "gref": "GOMA-BAT-236", "is_eligible": "true" }, "geometry": { "type": "Polygon", "coordinates": [ [ [ 29.183303335550338, -1.667300865364409 ], [ 29.183335470334242, -1.667314383825344 ], [ 29.183316346798946, -1.667360418389484 ], [ 29.183284212014332, -1.667346900591219 ], [ 29.183303335550338, -1.667300865364409 ] ] ] } },
{ "type": "Feature", "properties": { "fid": 161066, "gref": "GOMA-BAT-237", "is_eligible": "true" }, "geometry": { "type": "Polygon", "coordinates": [ [ [ 29.184747820897776, -1.667249005410927 ], [ 29.184807355483215, -1.667271329692852 ], [ 29.184797661681188, -1.667297509560251 ], [ 29.184738127094295, -1.667275185278935 ], [ 29.184747820897776, -1.667249005410927 ] ] ] } },
{ "type": "Feature", "properties": { "fid": 161068, "gref": "GOMA-BAT-238", "is_eligible": "true" }, "geometry": { "type": "Polygon", "coordinates": [ [ [ 29.181507520982741, -1.665833629718842 ], [ 29.181540779056881, -1.665856792311679 ], [ 29.181514801099453, -1.665894564858383 ], [ 29.181481543023462, -1.665871401934485 ], [ 29.181507520982741, -1.665833629718842 ] ] ] } },
{ "type": "Feature", "properties": { "fid": 161069, "gref": "GOMA-BAT-239", "is_eligible": "true" }, "geometry": { "type": "Polygon", "coordinates": [ [ [ 29.182430394200264, -1.666175995035596 ], [ 29.182456655999118, -1.666191060929801 ], [ 29.182425435102495, -1.666246173246565 ], [ 29.18239917264405, -1.666231107353352 ], [ 29.182430394200264, -1.666175995035596 ] ] ] } },
{ "type": "Feature", "properties": { "fid": 161070, "gref": "GOMA-BAT-240", "is_eligible": "true" }, "geometry": { "type": "Polygon", "coordinates": [ [ [ 29.184490118205293, -1.666527836161648 ], [ 29.18452215428854, -1.666537806890485 ], [ 29.184506774635057, -1.666587845267197 ], [ 29.184474738550062, -1.666577874208021 ], [ 29.184490118205293, -1.666527836161648 ] ] ] } },
{ "type": "Feature", "properties": { "fid": 161071, "gref": "GOMA-BAT-241", "is_eligible": "true" }, "geometry": { "type": "Polygon", "coordinates": [ [ [ 29.181720396043445, -1.665303802235031 ], [ 29.181775437131041, -1.665325549372005 ], [ 29.181763579748718, -1.665355939184742 ], [ 29.181708538988357, -1.665334191882471 ], [ 29.181720396043445, -1.665303802235031 ] ] ] } },
{ "type": "Feature", "properties": { "fid": 161072, "gref": "GOMA-BAT-242", "is_eligible": "true" }, "geometry": { "type": "Polygon", "coordinates": [ [ [ 29.181270493131571, -1.666686496613938 ], [ 29.18132569605795, -1.666711738402374 ], [ 29.181312431409371, -1.666741114549064 ], [ 29.181257228810001, -1.66671587242969 ], [ 29.181270493131571, -1.666686496613938 ] ] ] } },
{ "type": "Feature", "properties": { "fid": 161073, "gref": "GOMA-BAT-243", "is_eligible": "true" }, "geometry": { "type": "Polygon", "coordinates": [ [ [ 29.180709191761959, -1.665301353424145 ], [ 29.180759360699636, -1.665333747887929 ], [ 29.180741692127096, -1.665361457484438 ], [ 29.180691523187825, -1.665329063020757 ], [ 29.180709191761959, -1.665301353424145 ] ] ] } },
{ "type": "Feature", "properties": { "fid": 161074, "gref": "GOMA-BAT-244", "is_eligible": "true" }, "geometry": { "type": "Polygon", "coordinates": [ [ [ 29.183122337573963, -1.667286191400039 ], [ 29.183178013429981, -1.667306513728776 ], [ 29.183166538686141, -1.667338348430642 ], [ 29.183110862829217, -1.66731802676476 ], [ 29.183122337573963, -1.667286191400039 ] ] ] } },
{ "type": "Feature", "properties": { "fid": 161075, "gref": "GOMA-BAT-245", "is_eligible": "true" }, "geometry": { "type": "Polygon", "coordinates": [ [ [ 29.183167560084968, -1.667368950817177 ], [ 29.183234582517812, -1.66739577211686 ], [ 29.183224237260095, -1.667421951407665 ], [ 29.183157214167565, -1.667395130109374 ], [ 29.183167560084968, -1.667368950817177 ] ] ] } },
{ "type": "Feature", "properties": { "fid": 161076, "gref": "GOMA-BAT-246", "is_eligible": "true" }, "geometry": { "type": "Polygon", "coordinates": [ [ [ 29.1836591465669, -1.666249950693377 ], [ 29.183717717135611, -1.666270460178178 ], [ 29.183707029656784, -1.666301367298602 ], [ 29.183648459086793, -1.666280858145632 ], [ 29.1836591465669, -1.666249950693377 ] ] ] } },
{ "type": "Feature", "properties": { "fid": 161077, "gref": "GOMA-BAT-247", "is_eligible": "true" }, "geometry": { "type": "Polygon", "coordinates": [ [ [ 29.180828797520107, -1.665012175044892 ], [ 29.180885119037455, -1.665031344402865 ], [ 29.180875767558717, -1.665059167904357 ], [ 29.180819446059669, -1.665039998364537 ], [ 29.180828797520107, -1.665012175044892 ] ] ] } },
{ "type": "Feature", "properties": { "fid": 161078, "gref": "GOMA-BAT-248", "is_eligible": "true" }, "geometry": { "type": "Polygon", "coordinates": [ [ [ 29.182200600630978, -1.667019419424549 ], [ 29.182255420882708, -1.667066429646719 ], [ 29.182236312901974, -1.667088994078513 ], [ 29.182181492647949, -1.667041983193881 ], [ 29.182200600630978, -1.667019419424549 ] ] ] } },
{ "type": "Feature", "properties": { "fid": 161079, "gref": "GOMA-BAT-249", "is_eligible": "true" }, "geometry": { "type": "Polygon", "coordinates": [ [ [ 29.183911521791057, -1.666799869483067 ], [ 29.183976559584163, -1.666819488069185 ], [ 29.183967257572885, -1.666850715119446 ], [ 29.183902220436039, -1.666831096533511 ], [ 29.183911521791057, -1.666799869483067 ] ] ] } },
{ "type": "Feature", "properties": { "fid": 161081, "gref": "GOMA-BAT-250", "is_eligible": "true" }, "geometry": { "type": "Polygon", "coordinates": [ [ [ 29.183762222589994, -1.66620354801721 ], [ 29.183790359917705, -1.666217625836972 ], [ 29.183760445948785, -1.666278170980488 ], [ 29.183732308619298, -1.666264093161145 ], [ 29.183762222589994, -1.66620354801721 ] ] ] } },
{ "type": "Feature", "properties": { "fid": 161082, "gref": "GOMA-BAT-251", "is_eligible": "true" }, "geometry": { "type": "Polygon", "coordinates": [ [ [ 29.18061629302057, -1.665599351279681 ], [ 29.180643830304241, -1.665617648788376 ], [ 29.180606329073235, -1.665674801610886 ], [ 29.180578791787738, -1.665656504102265 ], [ 29.18061629302057, -1.665599351279681 ] ] ] } },
{ "type": "Feature", "properties": { "fid": 161083, "gref": "GOMA-BAT-252", "is_eligible": "true" }, "geometry": { "type": "Polygon", "coordinates": [ [ [ 29.182578730787405, -1.666153081245999 ], [ 29.182607612185812, -1.666165831304024 ], [ 29.182582478016229, -1.666223487455369 ], [ 29.182553595958161, -1.666210737398629 ], [ 29.182578730787405, -1.666153081245999 ] ] ] } },
{ "type": "Feature", "properties": { "fid": 161084, "gref": "GOMA-BAT-253", "is_eligible": "true" }, "geometry": { "type": "Polygon", "coordinates": [ [ [ 29.184365150072775, -1.666905168897756 ], [ 29.184416022106284, -1.666910266314439 ], [ 29.184413144467541, -1.666939341463207 ], [ 29.184362273091097, -1.666934244046697 ], [ 29.184365150072775, -1.666905168897756 ] ] ] } },
{ "type": "Feature", "properties": { "fid": 161085, "gref": "GOMA-BAT-254", "is_eligible": "true" }, "geometry": { "type": "Polygon", "coordinates": [ [ [ 29.183347610039746, -1.666576581230822 ], [ 29.183422231970841, -1.666607205115163 ], [ 29.183411009935753, -1.666634895754412 ], [ 29.183336388660667, -1.66660427187007 ], [ 29.183347610039746, -1.666576581230822 ] ] ] } },
{ "type": "Feature", "properties": { "fid": 161086, "gref": "GOMA-BAT-255", "is_eligible": "true" }, "geometry": { "type": "Polygon", "coordinates": [ [ [ 29.182166798006858, -1.666089212058924 ], [ 29.182198098240278, -1.666106446865305 ], [ 29.18216554057193, -1.666166323236498 ], [ 29.182134240336477, -1.666149088430501 ], [ 29.182166798006858, -1.666089212058924 ] ] ] } },
{ "type": "Feature", "properties": { "fid": 161087, "gref": "GOMA-BAT-256", "is_eligible": "true" }, "geometry": { "type": "Polygon", "coordinates": [ [ [ 29.183195299651022, -1.668405528379577 ], [ 29.183264122381463, -1.668405451507021 ], [ 29.183264161803795, -1.6684411913312 ], [ 29.183195339072114, -1.668441268205404 ], [ 29.183195299651022, -1.668405528379577 ] ] ] } },
{ "type": "Feature", "properties": { "fid": 161088, "gref": "GOMA-BAT-257", "is_eligible": "true" }, "geometry": { "type": "Polygon", "coordinates": [ [ [ 29.183364970391125, -1.667490186400751 ], [ 29.183404560970622, -1.667506029307273 ], [ 29.183383357334488, -1.667559684960705 ], [ 29.18334376675223, -1.667543841392796 ], [ 29.183364970391125, -1.667490186400751 ] ] ] } },
{ "type": "Feature", "properties": { "fid": 161089, "gref": "GOMA-BAT-258", "is_eligible": "true" }, "geometry": { "type": "Polygon", "coordinates": [ [ [ 29.182427083566616, -1.667093428263273 ], [ 29.182453034945578, -1.667108618973042 ], [ 29.182420266199177, -1.667165306319043 ], [ 29.182394315476589, -1.667150115608764 ], [ 29.182427083566616, -1.667093428263273 ] ] ] } },
{ "type": "Feature", "properties": { "fid": 161091, "gref": "GOMA-BAT-259", "is_eligible": "true" }, "geometry": { "type": "Polygon", "coordinates": [ [ [ 29.183455494683713, -1.668043796639531 ], [ 29.183515468814527, -1.668046365037507 ], [ 29.183513681575651, -1.668088637077052 ], [ 29.183453707443412, -1.668086068680715 ], [ 29.183455494683713, -1.668043796639531 ] ] ] } },
{ "type": "Feature", "properties": { "fid": 161092, "gref": "GOMA-BAT-260", "is_eligible": "true" }, "geometry": { "type": "Polygon", "coordinates": [ [ [ 29.181669999106646, -1.665575949491194 ], [ 29.181720413758498, -1.665605460596307 ], [ 29.181698624582513, -1.665643154638424 ], [ 29.181648209928554, -1.6656136435336 ], [ 29.181669999106646, -1.665575949491194 ] ] ] } },
{ "type": "Feature", "properties": { "fid": 161093, "gref": "GOMA-BAT-261", "is_eligible": "true" }, "geometry": { "type": "Polygon", "coordinates": [ [ [ 29.183064653840344, -1.667358726115636 ], [ 29.183132588102737, -1.667384200240135 ], [ 29.183118929742299, -1.667421086320499 ], [ 29.183050994819563, -1.667395612197712 ], [ 29.183064653840344, -1.667358726115636 ] ] ] } },
{ "type": "Feature", "properties": { "fid": 161094, "gref": "GOMA-BAT-262", "is_eligible": "true" }, "geometry": { "type": "Polygon", "coordinates": [ [ [ 29.182692824198341, -1.667161256383595 ], [ 29.182727361945268, -1.667181271244891 ], [ 29.182695002338669, -1.667237817752979 ], [ 29.182660464589585, -1.667217802891995 ], [ 29.182692824198341, -1.667161256383595 ] ] ] } },
{ "type": "Feature", "properties": { "fid": 161096, "gref": "GOMA-BAT-263", "is_eligible": "true" }, "geometry": { "type": "Polygon", "coordinates": [ [ [ 29.18233239749706, -1.666489168536046 ], [ 29.182379695876769, -1.666516302603325 ], [ 29.182356156740294, -1.666557853675297 ], [ 29.182308858358425, -1.666530719608345 ], [ 29.18233239749706, -1.666489168536046 ] ] ] } },
{ "type": "Feature", "properties": { "fid": 161097, "gref": "GOMA-BAT-264", "is_eligible": "true" }, "geometry": { "type": "Polygon", "coordinates": [ [ [ 29.182028247393831, -1.666830256765127 ], [ 29.182061687461449, -1.666847172000142 ], [ 29.182029002678505, -1.666912606342791 ], [ 29.181995562609327, -1.666895691770483 ], [ 29.182028247393831, -1.666830256765127 ] ] ] } },
{ "type": "Feature", "properties": { "fid": 161098, "gref": "GOMA-BAT-265", "is_eligible": "true" }, "geometry": { "type": "Polygon", "coordinates": [ [ [ 29.182067020373733, -1.666482791921929 ], [ 29.182107863261987, -1.666513691930631 ], [ 29.182075343854205, -1.666557219294815 ], [ 29.18203450096378, -1.666526319285963 ], [ 29.182067020373733, -1.666482791921929 ] ] ] } },
{ "type": "Feature", "properties": { "fid": 161099, "gref": "GOMA-BAT-266", "is_eligible": "true" }, "geometry": { "type": "Polygon", "coordinates": [ [ [ 29.184192010664759, -1.667310480898984 ], [ 29.184236233402867, -1.667327953473788 ], [ 29.184213430858804, -1.6673863956256 ], [ 29.184169208776247, -1.667368923051035 ], [ 29.184192010664759, -1.667310480898984 ] ] ] } },
{ "type": "Feature", "properties": { "fid": 161100, "gref": "GOMA-BAT-267", "is_eligible": "true" }, "geometry": { "type": "Polygon", "coordinates": [ [ [ 29.180540630718575, -1.66631343500421 ], [ 29.180607674141491, -1.666349589901462 ], [ 29.180588425277762, -1.666385735333306 ], [ 29.180521381852607, -1.666349580767643 ], [ 29.180540630718575, -1.66631343500421 ] ] ] } },
{ "type": "Feature", "properties": { "fid": 161101, "gref": "GOMA-BAT-268", "is_eligible": "true" }, "geometry": { "type": "Polygon", "coordinates": [ [ [ 29.18476154794271, -1.667885770269226 ], [ 29.184825558427011, -1.667893892252163 ], [ 29.184819533497095, -1.667941978741616 ], [ 29.184755522352738, -1.667933856761233 ], [ 29.18476154794271, -1.667885770269226 ] ] ] } },
{ "type": "Feature", "properties": { "fid": 161102, "gref": "GOMA-BAT-269", "is_eligible": "true" }, "geometry": { "type": "Polygon", "coordinates": [ [ [ 29.180869028703412, -1.665995003269891 ], [ 29.180908634729967, -1.666016811648649 ], [ 29.180875557560793, -1.666077643457301 ], [ 29.180835951202628, -1.666055835079397 ], [ 29.180869028703412, -1.665995003269891 ] ] ] } },
{ "type": "Feature", "properties": { "fid": 161103, "gref": "GOMA-BAT-270", "is_eligible": "true" }, "geometry": { "type": "Polygon", "coordinates": [ [ [ 29.180621054721481, -1.665133862079227 ], [ 29.180649176914123, -1.665147778941182 ], [ 29.180628951887755, -1.665189165093829 ], [ 29.180654338742794, -1.665201728405949 ], [ 29.180638317963773, -1.665234511601603 ], [ 29.180606493457223, -1.665218762370649 ], [ 29.180613062356102, -1.665205320384121 ], [ 29.180591377976558, -1.665194589275971 ], [ 29.180621054721481, -1.665133862079227 ] ] ] } },
{ "type": "Feature", "properties": { "fid": 161104, "gref": "GOMA-BAT-271", "is_eligible": "true" }, "geometry": { "type": "Polygon", "coordinates": [ [ [ 29.182446590174624, -1.666764338638951 ], [ 29.182508221155274, -1.666789002422062 ], [ 29.182489762250601, -1.666835711986156 ], [ 29.182428131267205, -1.666811048204095 ], [ 29.182446590174624, -1.666764338638951 ] ] ] } },
{ "type": "Feature", "properties": { "fid": 161105, "gref": "GOMA-BAT-272", "is_eligible": "true" }, "geometry": { "type": "Polygon", "coordinates": [ [ [ 29.184349950636353, -1.667951439879806 ], [ 29.184379255228773, -1.66796724258764 ], [ 29.184370785167442, -1.667983148417444 ], [ 29.184390587774917, -1.667993827387074 ], [ 29.184366672114621, -1.668038737654507 ], [ 29.184317564253849, -1.668012255978323 ], [ 29.184349950636353, -1.667951439879806 ] ] ] } },
{ "type": "Feature", "properties": { "fid": 161106, "gref": "GOMA-BAT-273", "is_eligible": "true" }, "geometry": { "type": "Polygon", "coordinates": [ [ [ 29.180582281223344, -1.665901353355246 ], [ 29.180656911520575, -1.665944167077075 ], [ 29.180643205216704, -1.665968361344893 ], [ 29.180568575081988, -1.665925547623198 ], [ 29.180582281223344, -1.665901353355246 ] ] ] } },
{ "type": "Feature", "properties": { "fid": 161107, "gref": "GOMA-BAT-274", "is_eligible": "true" }, "geometry": { "type": "Polygon", "coordinates": [ [ [ 29.181380720085929, -1.665396857437345 ], [ 29.181436510553013, -1.665420904579858 ], [ 29.18141301008227, -1.665476116729246 ], [ 29.181357219612156, -1.665452069587742 ], [ 29.181380720085929, -1.665396857437345 ] ] ] } },
{ "type": "Feature", "properties": { "fid": 161108, "gref": "GOMA-BAT-275", "is_eligible": "true" }, "geometry": { "type": "Polygon", "coordinates": [ [ [ 29.184294205259462, -1.66762293463499 ], [ 29.184321890885375, -1.667638496148075 ], [ 29.184287225652508, -1.667700948323861 ], [ 29.18425954002398, -1.667685386148929 ], [ 29.184294205259462, -1.66762293463499 ] ] ] } },
{ "type": "Feature", "properties": { "fid": 161109, "gref": "GOMA-BAT-276", "is_eligible": "true" }, "geometry": { "type": "Polygon", "coordinates": [ [ [ 29.183932643361768, -1.66626755617121 ], [ 29.183967363424291, -1.666278697594315 ], [ 29.183944212412797, -1.666351756551294 ], [ 29.183909492348047, -1.666340615129312 ], [ 29.183932643361768, -1.66626755617121 ] ] ] } },
{ "type": "Feature", "properties": { "fid": 161110, "gref": "GOMA-BAT-277", "is_eligible": "true" }, "geometry": { "type": "Polygon", "coordinates": [ [ [ 29.183663736557225, -1.667546951185102 ], [ 29.183704025520143, -1.66757077227813 ], [ 29.183672503423583, -1.667624761254992 ], [ 29.183632214458246, -1.66760094016228 ], [ 29.183663736557225, -1.667546951185102 ] ] ] } },
{ "type": "Feature", "properties": { "fid": 161111, "gref": "GOMA-BAT-278", "is_eligible": "true" }, "geometry": { "type": "Polygon", "coordinates": [ [ [ 29.183543343201659, -1.666620436246184 ], [ 29.183609053454195, -1.666645404988013 ], [ 29.183590288957273, -1.666695411741337 ], [ 29.183524579360032, -1.666670443331121 ], [ 29.183543343201659, -1.666620436246184 ] ] ] } },
{ "type": "Feature", "properties": { "fid": 161112, "gref": "GOMA-BAT-279", "is_eligible": "true" }, "geometry": { "type": "Polygon", "coordinates": [ [ [ 29.182955863464699, -1.66696496133233 ], [ 29.182996005921773, -1.666993180009135 ], [ 29.182952645068973, -1.667055643230083 ], [ 29.182912502608922, -1.667027424553262 ], [ 29.182955863464699, -1.66696496133233 ] ] ] } },
{ "type": "Feature", "properties": { "fid": 161113, "gref": "GOMA-BAT-280", "is_eligible": "true" }, "geometry": { "type": "Polygon", "coordinates": [ [ [ 29.183061095605677, -1.667983879568713 ], [ 29.183094364126458, -1.667998566122676 ], [ 29.183063456152343, -1.668069466562593 ], [ 29.183030187629953, -1.668054780671533 ], [ 29.183061095605677, -1.667983879568713 ] ] ] } },
{ "type": "Feature", "properties": { "fid": 161114, "gref": "GOMA-BAT-281", "is_eligible": "true" }, "geometry": { "type": "Polygon", "coordinates": [ [ [ 29.184478272822773, -1.667844064410622 ], [ 29.184508940348191, -1.667843356735696 ], [ 29.184510294982044, -1.667902816116456 ], [ 29.184459089003447, -1.66790399766735 ], [ 29.184458421708332, -1.667874703331956 ], [ 29.184478960160366, -1.66787422945764 ], [ 29.184478272822773, -1.667844064410622 ] ] ] } },
{ "type": "Feature", "properties": { "fid": 161115, "gref": "GOMA-BAT-282", "is_eligible": "true" }, "geometry": { "type": "Polygon", "coordinates": [ [ [ 29.183229349203529, -1.66764389376598 ], [ 29.183277469601226, -1.667650860218645 ], [ 29.183266215666897, -1.667729580614795 ], [ 29.183218095267325, -1.667722614826486 ], [ 29.183229349203529, -1.66764389376598 ] ] ] } },
{ "type": "Feature", "properties": { "fid": 161116, "gref": "GOMA-BAT-283", "is_eligible": "true" }, "geometry": { "type": "Polygon", "coordinates": [ [ [ 29.183255870036376, -1.666947776660494 ], [ 29.183325157589714, -1.666970682104874 ], [ 29.183308607380297, -1.667021378681638 ], [ 29.183239319823112, -1.666998472576618 ], [ 29.183255870036376, -1.666947776660494 ] ] ] } },
{ "type": "Feature", "properties": { "fid": 161119, "gref": "GOMA-BAT-284", "is_eligible": "true" }, "geometry": { "type": "Polygon", "coordinates": [ [ [ 29.183888121766508, -1.668180598156469 ], [ 29.183922837520658, -1.668183615221847 ], [ 29.18391858033262, -1.668233217424486 ], [ 29.18381508981653, -1.668224222441003 ], [ 29.183817845007471, -1.668192123350951 ], [ 29.183886619766263, -1.668198100609336 ], [ 29.183888121766508, -1.668180598156469 ] ] ] } },
{ "type": "Feature", "properties": { "fid": 161120, "gref": "GOMA-BAT-285", "is_eligible": "true" }, "geometry": { "type": "Polygon", "coordinates": [ [ [ 29.183972353421339, -1.666446194895392 ], [ 29.184048671290338, -1.666464542808947 ], [ 29.184036006245723, -1.666517890269747 ], [ 29.183959687715483, -1.666499542359012 ], [ 29.183972353421339, -1.666446194895392 ] ] ] } },
{ "type": "Feature", "properties": { "fid": 161121, "gref": "GOMA-BAT-286", "is_eligible": "true" }, "geometry": { "type": "Polygon", "coordinates": [ [ [ 29.181098163139943, -1.665630411341463 ], [ 29.18116620036751, -1.66567144688155 ], [ 29.181138868265233, -1.665717336664527 ], [ 29.181070831363176, -1.665676301124479 ], [ 29.181098163139943, -1.665630411341463 ] ] ] } },
{ "type": "Feature", "properties": { "fid": 161122, "gref": "GOMA-BAT-287", "is_eligible": "true" }, "geometry": { "type": "Polygon", "coordinates": [ [ [ 29.183625433757857, -1.668387294173809 ], [ 29.183719749302298, -1.6683959087357 ], [ 29.183715070213516, -1.668447787908019 ], [ 29.183620754665309, -1.66843917268701 ], [ 29.183625433757857, -1.668387294173809 ] ] ] } },
{ "type": "Feature", "properties": { "fid": 161123, "gref": "GOMA-BAT-288", "is_eligible": "true" }, "geometry": { "type": "Polygon", "coordinates": [ [ [ 29.183330366746311, -1.666221249207689 ], [ 29.183341370990053, -1.666223792846296 ], [ 29.183346878532944, -1.666199664662162 ], [ 29.183391012709425, -1.666209866278102 ], [ 29.183386784379103, -1.666228392158475 ], [ 29.183426261580117, -1.666237517321648 ], [ 29.183414706193648, -1.666288141768943 ], [ 29.183320089908456, -1.666266271361845 ], [ 29.183330366746311, -1.666221249207689 ] ] ] } },
{ "type": "Feature", "properties": { "fid": 161125, "gref": "GOMA-BAT-289", "is_eligible": "true" }, "geometry": { "type": "Polygon", "coordinates": [ [ [ 29.180770548660085, -1.665873177516722 ], [ 29.180714622279979, -1.665870290478058 ], [ 29.180706816073759, -1.665869887643371 ], [ 29.180708514423561, -1.665836572627198 ], [ 29.180772246927976, -1.66583986240913 ], [ 29.180770548660085, -1.665873177516722 ] ] ] } },
{ "type": "Feature", "properties": { "fid": 161126, "gref": "GOMA-BAT-290", "is_eligible": "true" }, "geometry": { "type": "Polygon", "coordinates": [ [ [ 29.180544199552706, -1.665121162471115 ], [ 29.180601050274468, -1.665152142747167 ], [ 29.180553269604346, -1.66524093296755 ], [ 29.180496418877148, -1.665209952692521 ], [ 29.180544199552706, -1.665121162471115 ] ] ] } },
{ "type": "Feature", "properties": { "fid": 161127, "gref": "GOMA-BAT-291", "is_eligible": "true" }, "geometry": { "type": "Polygon", "coordinates": [ [ [ 29.18381144960242, -1.666336431118053 ], [ 29.183856888412123, -1.666351012068169 ], [ 29.183850654438512, -1.666370685711668 ], [ 29.183890073006143, -1.666383334916923 ], [ 29.183871073387717, -1.666443294123067 ], [ 29.18378621534675, -1.666416063639995 ], [ 29.18381144960242, -1.666336431118053 ] ] ] } },
{ "type": "Feature", "properties": { "fid": 161128, "gref": "GOMA-BAT-292", "is_eligible": "true" }, "geometry": { "type": "Polygon", "coordinates": [ [ [ 29.182830740995055, -1.666533078812144 ], [ 29.182871108560022, -1.666537482146388 ], [ 29.18286192655804, -1.666622721818513 ], [ 29.182821559648858, -1.666618318485626 ], [ 29.182830740995055, -1.666533078812144 ] ] ] } },
{ "type": "Feature", "properties": { "fid": 161130, "gref": "GOMA-BAT-293", "is_eligible": "true" }, "geometry": { "type": "Polygon", "coordinates": [ [ [ 29.184343176482749, -1.667161611161093 ], [ 29.184411075417614, -1.667180157797266 ], [ 29.184380977617124, -1.667291739444745 ], [ 29.184313078675242, -1.667273192150084 ], [ 29.184343176482749, -1.667161611161093 ] ] ] } },
{ "type": "Feature", "properties": { "fid": 161131, "gref": "GOMA-BAT-294", "is_eligible": "true" }, "geometry": { "type": "Polygon", "coordinates": [ [ [ 29.1817882281075, -1.665347085174021 ], [ 29.181890261349757, -1.665387399458357 ], [ 29.181863635888561, -1.665455639201819 ], [ 29.181839297196486, -1.665446022838748 ], [ 29.181831330489427, -1.665466441369223 ], [ 29.181789450624947, -1.665449894389583 ], [ 29.181795873728035, -1.665433432309226 ], [ 29.181760059034968, -1.66541928153608 ], [ 29.1817882281075, -1.665347085174021 ] ] ] } },
{ "type": "Feature", "properties": { "fid": 161132, "gref": "GOMA-BAT-295", "is_eligible": "true" }, "geometry": { "type": "Polygon", "coordinates": [ [ [ 29.181743483851811, -1.666680634926737 ], [ 29.181805289788851, -1.666715375913634 ], [ 29.181781668173841, -1.666757931581252 ], [ 29.18171986223393, -1.666723190594833 ], [ 29.181743483851811, -1.666680634926737 ] ] ] } },
{ "type": "Feature", "properties": { "fid": 161133, "gref": "GOMA-BAT-296", "is_eligible": "true" }, "geometry": { "type": "Polygon", "coordinates": [ [ [ 29.182112990710287, -1.666526233310312 ], [ 29.182172290474455, -1.666440010326843 ], [ 29.182257278863748, -1.666499200735667 ], [ 29.182199571434538, -1.666583108826025 ], [ 29.182167186164968, -1.666560554015334 ], [ 29.182156535277269, -1.666576040609887 ], [ 29.182120187929076, -1.666550726396904 ], [ 29.182129246667646, -1.666537554818488 ], [ 29.182112990710287, -1.666526233310312 ] ] ] } },
{ "type": "Feature", "properties": { "fid": 161134, "gref": "GOMA-BAT-297", "is_eligible": "true" }, "geometry": { "type": "Polygon", "coordinates": [ [ [ 29.182674938189994, -1.66678969876287 ], [ 29.182683419310159, -1.666726462982442 ], [ 29.182736256512044, -1.666733639088357 ], [ 29.182726404234476, -1.666796688840765 ], [ 29.182674938189994, -1.66678969876287 ] ] ] } },
{ "type": "Feature", "properties": { "fid": 161135, "gref": "GOMA-BAT-298", "is_eligible": "true" }, "geometry": { "type": "Polygon", "coordinates": [ [ [ 29.182916988186566, -1.666864953582665 ], [ 29.183001598723013, -1.666892514350059 ], [ 29.182991265269933, -1.666924639126734 ], [ 29.182906654731081, -1.66689707836053 ], [ 29.182916988186566, -1.666864953582665 ] ] ] } },
{ "type": "Feature", "properties": { "fid": 161136, "gref": "GOMA-BAT-299", "is_eligible": "true" }, "geometry": { "type": "Polygon", "coordinates": [ [ [ 29.181033397940773, -1.665071665550939 ], [ 29.181128081850236, -1.665111008768693 ], [ 29.181096382501011, -1.665188262331246 ], [ 29.181055849573127, -1.665171419987676 ], [ 29.181061769248004, -1.665156992775183 ], [ 29.181007618589106, -1.665134491902929 ], [ 29.181033397940773, -1.665071665550939 ] ] ] } },
{ "type": "Feature", "properties": { "fid": 161138, "gref": "GOMA-BAT-300", "is_eligible": "true" }, "geometry": { "type": "Polygon", "coordinates": [ [ [ 29.184390641389584, -1.667472195153128 ], [ 29.184462979395221, -1.667495058703082 ], [ 29.184446804888339, -1.667546881825403 ], [ 29.184374466879426, -1.667524018277107 ], [ 29.184390641389584, -1.667472195153128 ] ] ] } },
{ "type": "Feature", "properties": { "fid": 161139, "gref": "GOMA-BAT-301", "is_eligible": "true" }, "geometry": { "type": "Polygon", "coordinates": [ [ [ 29.183218115773101, -1.666685145152781 ], [ 29.183337452467388, -1.666721142862339 ], [ 29.183330516430104, -1.666744428032319 ], [ 29.183346752186925, -1.66674932576036 ], [ 29.183339736826376, -1.666772878529866 ], [ 29.183290574064497, -1.666758048787526 ], [ 29.183288375904379, -1.666765428320022 ], [ 29.183201965551476, -1.666739362628519 ], [ 29.183218115773101, -1.666685145152781 ] ] ] } },
{ "type": "Feature", "properties": { "fid": 161140, "gref": "GOMA-BAT-302", "is_eligible": "true" }, "geometry": { "type": "Polygon", "coordinates": [ [ [ 29.1822944435152, -1.667039180755895 ], [ 29.182407147208309, -1.667111257876478 ], [ 29.182395599610402, -1.667129542964521 ], [ 29.182384971248837, -1.667122745868519 ], [ 29.182350166867028, -1.667177857568759 ], [ 29.182248091526677, -1.667112577544805 ], [ 29.1822944435152, -1.667039180755895 ] ] ] } },
{ "type": "Feature", "properties": { "fid": 161141, "gref": "GOMA-BAT-303", "is_eligible": "true" }, "geometry": { "type": "Polygon", "coordinates": [ [ [ 29.183358357822517, -1.66832710921228 ], [ 29.18342927889141, -1.668326406905028 ], [ 29.183429587430226, -1.668357962923739 ], [ 29.183391762376818, -1.668358336915407 ], [ 29.183392225981827, -1.668405796422298 ], [ 29.183359129963733, -1.668406124078304 ], [ 29.183358357822517, -1.66832710921228 ] ] ] } },
{ "type": "Feature", "properties": { "fid": 161142, "gref": "GOMA-BAT-304", "is_eligible": "true" }, "geometry": { "type": "Polygon", "coordinates": [ [ [ 29.181239354379279, -1.666035823808966 ], [ 29.181303498073511, -1.666083913313609 ], [ 29.181288446516259, -1.666104243735335 ], [ 29.181257584258788, -1.666081105949463 ], [ 29.18124100050807, -1.666103505994855 ], [ 29.181273340880452, -1.666127751908413 ], [ 29.181247971333264, -1.666162018988559 ], [ 29.181182349519261, -1.666112821687011 ], [ 29.181239354379279, -1.666035823808966 ] ] ] } },
{ "type": "Feature", "properties": { "fid": 161143, "gref": "GOMA-BAT-305", "is_eligible": "true" }, "geometry": { "type": "Polygon", "coordinates": [ [ [ 29.18355707189879, -1.667087787555028 ], [ 29.183552649737599, -1.6671017426517 ], [ 29.183481320821866, -1.66707885372957 ], [ 29.18351790106907, -1.666963415023333 ], [ 29.183589229660555, -1.666986303707913 ], [ 29.183586895935292, -1.666993666838228 ], [ 29.18355707189879, -1.667087787555028 ] ] ] } },
{ "type": "Feature", "properties": { "fid": 161144, "gref": "GOMA-BAT-306", "is_eligible": "true" }, "geometry": { "type": "Polygon", "coordinates": [ [ [ 29.183128297152951, -1.666550564488831 ], [ 29.183237558542185, -1.666578869604562 ], [ 29.1832048203356, -1.666706842286156 ], [ 29.183159075903209, -1.666694991735651 ], [ 29.183150261720147, -1.666729446264653 ], [ 29.183110427861674, -1.666719126975678 ], [ 29.183133141765893, -1.666630338953533 ], [ 29.183109458656073, -1.666624203684233 ], [ 29.183128297152951, -1.666550564488831 ] ] ] } },
{ "type": "Feature", "properties": { "fid": 161145, "gref": "GOMA-BAT-307", "is_eligible": "true" }, "geometry": { "type": "Polygon", "coordinates": [ [ [ 29.18089275719823, -1.665316786331931 ], [ 29.180967853360166, -1.665355601605079 ], [ 29.180908867842831, -1.665471165363781 ], [ 29.180902678739084, -1.665467966424053 ], [ 29.180881500393362, -1.665509459086872 ], [ 29.180817350449807, -1.66547630150981 ], [ 29.180829183043873, -1.665453119289886 ], [ 29.180824425917006, -1.665450660370694 ], [ 29.18089275719823, -1.665316786331931 ] ] ] } },
{ "type": "Feature", "properties": { "fid": 161149, "gref": "GOMA-BAT-308", "is_eligible": "true" }, "geometry": { "type": "Polygon", "coordinates": [ [ [ 29.180519555676273, -1.665483262040341 ], [ 29.18054224260057, -1.665502673637636 ], [ 29.180495575403381, -1.665557905331341 ], [ 29.180472888477492, -1.665538493733747 ], [ 29.180519555676273, -1.665483262040341 ] ] ] } },
{ "type": "Feature", "properties": { "fid": 161150, "gref": "GOMA-BAT-309", "is_eligible": "true" }, "geometry": { "type": "Polygon", "coordinates": [ [ [ 29.18054224260057, -1.665502673637636 ], [ 29.180519555676273, -1.665483262040341 ], [ 29.18056406224375, -1.665430587503227 ], [ 29.180586749166533, -1.665449999100237 ], [ 29.18054224260057, -1.665502673637636 ] ] ] } },
{ "type": "Feature", "properties": { "fid": 161151, "gref": "GOMA-BAT-310", "is_eligible": "true" }, "geometry": { "type": "Polygon", "coordinates": [ [ [ 29.180431196096592, -1.665465171238996 ], [ 29.180430252626579, -1.665438049699503 ], [ 29.180485212268458, -1.665436113634127 ], [ 29.18048615573916, -1.665463235172598 ], [ 29.180431196096592, -1.665465171238996 ] ] ] } },
{ "type": "Feature", "properties": { "fid": 161152, "gref": "GOMA-BAT-311", "is_eligible": "true" }, "geometry": { "type": "Polygon", "coordinates": [ [ [ 29.180588647326278, -1.665481869677948 ], [ 29.180615736729685, -1.665464048192174 ], [ 29.180643730779881, -1.665507138891317 ], [ 29.180616641377156, -1.665524960377918 ], [ 29.180588647326278, -1.665481869677948 ] ] ] } },
{ "type": "Feature", "properties": { "fid": 161153, "gref": "GOMA-BAT-312", "is_eligible": "true" }, "geometry": { "type": "Polygon", "coordinates": [ [ [ 29.180756081176334, -1.665655122773712 ], [ 29.180736471224805, -1.665691528696275 ], [ 29.18070941384288, -1.665676769848301 ], [ 29.180729023795472, -1.665640363925539 ], [ 29.180756081176334, -1.665655122773712 ] ] ] } },
{ "type": "Feature", "properties": { "fid": 161155, "gref": "GOMA-BAT-313", "is_eligible": "true" }, "geometry": { "type": "Polygon", "coordinates": [ [ [ 29.180761716120344, -1.665648013499329 ], [ 29.180695928651261, -1.665620490141605 ], [ 29.180782452867405, -1.665520088546285 ], [ 29.180806718287759, -1.665541264702785 ], [ 29.180778083014037, -1.665574492710154 ], [ 29.180804903878784, -1.665597898971587 ], [ 29.180761716120344, -1.665648013499329 ] ] ] } },
{ "type": "Feature", "properties": { "fid": 161157, "gref": "GOMA-BAT-314", "is_eligible": "true" }, "geometry": { "type": "Polygon", "coordinates": [ [ [ 29.181200086790234, -1.665660562678825 ], [ 29.181222321694705, -1.665673840959067 ], [ 29.181214373006949, -1.665687319410207 ], [ 29.181254579568009, -1.665711330111929 ], [ 29.181215633373526, -1.665777371925691 ], [ 29.181198520140242, -1.665767152175742 ], [ 29.181183681596991, -1.665792314179557 ], [ 29.181147692736168, -1.665770822159459 ], [ 29.18114053415588, -1.665782961512019 ], [ 29.181116879090947, -1.665768835255846 ], [ 29.181172824139015, -1.665673968072869 ], [ 29.181187139804148, -1.665682517152885 ], [ 29.181200086790234, -1.665660562678825 ] ] ] } },
{ "type": "Feature", "properties": { "fid": 161158, "gref": "GOMA-BAT-315", "is_eligible": "true" }, "geometry": { "type": "Polygon", "coordinates": [ [ [ 29.183166658053942, -1.668438418594694 ], [ 29.183166122706108, -1.668483403366654 ], [ 29.183164701495606, -1.6686027830744 ], [ 29.183046500321545, -1.668601358380113 ], [ 29.183047033276889, -1.668556590737893 ], [ 29.183070856703317, -1.668556877989605 ], [ 29.183071528211393, -1.668500515178752 ], [ 29.183103006323194, -1.668500895190942 ], [ 29.183103759083682, -1.66843766043519 ], [ 29.183166658053942, -1.668438418594694 ] ] ] } },
{ "type": "Feature", "properties": { "fid": 161161, "gref": "GOMA-BAT-316", "is_eligible": "true" }, "geometry": { "type": "Polygon", "coordinates": [ [ [ 29.181578063809546, -1.666060476444203 ], [ 29.181599910151114, -1.666066514844091 ], [ 29.181586534548018, -1.666115518928814 ], [ 29.181564688205558, -1.666109480529442 ], [ 29.181578063809546, -1.666060476444203 ] ] ] } },
{ "type": "Feature", "properties": { "fid": 161162, "gref": "GOMA-BAT-317", "is_eligible": "true" }, "geometry": { "type": "Polygon", "coordinates": [ [ [ 29.181363863463805, -1.665908679771006 ], [ 29.18138012653916, -1.665874723851166 ], [ 29.181430514205744, -1.665899162293167 ], [ 29.18141425113215, -1.66593311821254 ], [ 29.181363863463805, -1.665908679771006 ] ] ] } },
{ "type": "Feature", "properties": { "fid": 161163, "gref": "GOMA-BAT-318", "is_eligible": "true" }, "geometry": { "type": "Polygon", "coordinates": [ [ [ 29.181295835603841, -1.665871591365718 ], [ 29.181307489419702, -1.665849380297833 ], [ 29.181364598354619, -1.66587972374188 ], [ 29.181352944540112, -1.665901934809487 ], [ 29.181295835603841, -1.665871591365718 ] ] ] } },
{ "type": "Feature", "properties": { "fid": 161164, "gref": "GOMA-BAT-319", "is_eligible": "true" }, "geometry": { "type": "Polygon", "coordinates": [ [ [ 29.182018155334113, -1.6660236135483 ], [ 29.182035928691292, -1.666040822061452 ], [ 29.182010462878285, -1.666067456633171 ], [ 29.181992689520484, -1.666050248119816 ], [ 29.182018155334113, -1.6660236135483 ] ] ] } },
{ "type": "Feature", "properties": { "fid": 161165, "gref": "GOMA-BAT-320", "is_eligible": "true" }, "geometry": { "type": "Polygon", "coordinates": [ [ [ 29.182094281482648, -1.665661199116349 ], [ 29.182022755486557, -1.665603366463547 ], [ 29.182062888357887, -1.665553102905251 ], [ 29.182156047972438, -1.665534288263328 ], [ 29.182199740823037, -1.665569616307172 ], [ 29.182132214068353, -1.665654188763367 ], [ 29.182094281482648, -1.665661199116349 ] ] ] } },
{ "type": "Feature", "properties": { "fid": 161167, "gref": "GOMA-BAT-321", "is_eligible": "true" }, "geometry": { "type": "Polygon", "coordinates": [ [ [ 29.181893986118254, -1.666818237652967 ], [ 29.181917193563827, -1.666835712621804 ], [ 29.181888880361431, -1.666873789525336 ], [ 29.181865672914782, -1.66685631455643 ], [ 29.181893986118254, -1.666818237652967 ] ] ] } },
{ "type": "Feature", "properties": { "fid": 161168, "gref": "GOMA-BAT-322", "is_eligible": "true" }, "geometry": { "type": "Polygon", "coordinates": [ [ [ 29.182267717150125, -1.666694173541515 ], [ 29.182281471881613, -1.666671206006654 ], [ 29.182331914689467, -1.666701797362132 ], [ 29.182318159959284, -1.666724764896847 ], [ 29.182267717150125, -1.666694173541515 ] ] ] } },
{ "type": "Feature", "properties": { "fid": 161169, "gref": "GOMA-BAT-323", "is_eligible": "true" }, "geometry": { "type": "Polygon", "coordinates": [ [ [ 29.181981606954562, -1.667032873529687 ], [ 29.182024338742405, -1.666935398692965 ], [ 29.182143068290234, -1.666988106986383 ], [ 29.182105814770789, -1.667073085446982 ], [ 29.182055606063436, -1.667050796010826 ], [ 29.182050127805915, -1.667063292383463 ], [ 29.181981606954562, -1.667032873529687 ] ] ] } },
{ "type": "Feature", "properties": { "fid": 161170, "gref": "GOMA-BAT-324", "is_eligible": "true" }, "geometry": { "type": "Polygon", "coordinates": [ [ [ 29.182671717266988, -1.666400985399812 ], [ 29.182683092776209, -1.666376384427991 ], [ 29.182730375686752, -1.666398524786835 ], [ 29.182719000178714, -1.666423125758316 ], [ 29.182671717266988, -1.666400985399812 ] ] ] } },
{ "type": "Feature", "properties": { "fid": 161171, "gref": "GOMA-BAT-325", "is_eligible": "true" }, "geometry": { "type": "Polygon", "coordinates": [ [ [ 29.180372864620914, -1.664942149003088 ], [ 29.180406421179114, -1.664960860292491 ], [ 29.180395413891784, -1.664980850464904 ], [ 29.180361857332858, -1.664962139175625 ], [ 29.180372864620914, -1.664942149003088 ] ] ] } },
{ "type": "Feature", "properties": { "fid": 161172, "gref": "GOMA-BAT-326", "is_eligible": "true" }, "geometry": { "type": "Polygon", "coordinates": [ [ [ 29.182409067783041, -1.666308278667559 ], [ 29.182382879409989, -1.66636854628691 ], [ 29.182352563467582, -1.666355206236916 ], [ 29.182378751842439, -1.666294938616974 ], [ 29.182409067783041, -1.666308278667559 ] ] ] } },
{ "type": "Feature", "properties": { "fid": 161173, "gref": "GOMA-BAT-327", "is_eligible": "true" }, "geometry": { "type": "Polygon", "coordinates": [ [ [ 29.18253305168404, -1.666364151556811 ], [ 29.182540555686593, -1.666339892874972 ], [ 29.182590982179914, -1.666355688849613 ], [ 29.182583478178422, -1.666379947530902 ], [ 29.18253305168404, -1.666364151556811 ] ] ] } },
{ "type": "Feature", "properties": { "fid": 161174, "gref": "GOMA-BAT-328", "is_eligible": "true" }, "geometry": { "type": "Polygon", "coordinates": [ [ [ 29.182769746812628, -1.666729545226525 ], [ 29.182847278448754, -1.666746601979046 ], [ 29.182826380637806, -1.666842795367246 ], [ 29.182748848995924, -1.666825738618663 ], [ 29.182769746812628, -1.666729545226525 ] ] ] } },
{ "type": "Feature", "properties": { "fid": 161175, "gref": "GOMA-BAT-329", "is_eligible": "true" }, "geometry": { "type": "Polygon", "coordinates": [ [ [ 29.18205015876876, -1.666248640562537 ], [ 29.182047960512005, -1.666247572802945 ], [ 29.182043070162937, -1.666253503562866 ], [ 29.182005979811343, -1.666222530827485 ], [ 29.1820802021352, -1.666132522589076 ], [ 29.182113114253056, -1.666160006113375 ], [ 29.182116342106561, -1.666162701630042 ], [ 29.182107179582484, -1.666178875416284 ], [ 29.18205015876876, -1.666248640562537 ] ] ] } },
{ "type": "Feature", "properties": { "fid": 161176, "gref": "GOMA-BAT-330", "is_eligible": "true" }, "geometry": { "type": "Polygon", "coordinates": [ [ [ 29.183440318593007, -1.666276480811075 ], [ 29.183498668317181, -1.666306886296808 ], [ 29.183470373799278, -1.666361872169018 ], [ 29.183412024071707, -1.666331466684029 ], [ 29.183440318593007, -1.666276480811075 ] ] ] } },
{ "type": "Feature", "properties": { "fid": 161177, "gref": "GOMA-BAT-331", "is_eligible": "true" }, "geometry": { "type": "Polygon", "coordinates": [ [ [ 29.183410631738539, -1.666974010895648 ], [ 29.18341234162601, -1.666945980810776 ], [ 29.183479558312641, -1.666950133044409 ], [ 29.183477848426282, -1.666978163128081 ], [ 29.183410631738539, -1.666974010895648 ] ] ] } },
{ "type": "Feature", "properties": { "fid": 161178, "gref": "GOMA-BAT-332", "is_eligible": "true" }, "geometry": { "type": "Polygon", "coordinates": [ [ [ 29.183410218319789, -1.667263843290084 ], [ 29.183425160285662, -1.66722280428375 ], [ 29.18345473948585, -1.667233710116558 ], [ 29.1834397975211, -1.667274749122411 ], [ 29.183410218319789, -1.667263843290084 ] ] ] } },
{ "type": "Feature", "properties": { "fid": 161179, "gref": "GOMA-BAT-333", "is_eligible": "true" }, "geometry": { "type": "Polygon", "coordinates": [ [ [ 29.183425160285662, -1.66722280428375 ], [ 29.183410218319789, -1.667263843290084 ], [ 29.183379769953319, -1.667252616996285 ], [ 29.183406302560105, -1.667179743604712 ], [ 29.183436750924518, -1.667190969899391 ], [ 29.183425160285662, -1.66722280428375 ] ] ] } },
{ "type": "Feature", "properties": { "fid": 161180, "gref": "GOMA-BAT-334", "is_eligible": "true" }, "geometry": { "type": "Polygon", "coordinates": [ [ [ 29.18400471166477, -1.667316193184815 ], [ 29.184099477186638, -1.667337511993646 ], [ 29.184070096471359, -1.66746976677303 ], [ 29.183975330939745, -1.667448447970772 ], [ 29.18400471166477, -1.667316193184815 ] ] ] } },
{ "type": "Feature", "properties": { "fid": 161181, "gref": "GOMA-BAT-335", "is_eligible": "true" }, "geometry": { "type": "Polygon", "coordinates": [ [ [ 29.184090187588613, -1.66743239355205 ], [ 29.184123241999611, -1.667442724712061 ], [ 29.18410934540664, -1.667487749338523 ], [ 29.184076290994344, -1.667477418179181 ], [ 29.184090187588613, -1.66743239355205 ] ] ] } },
{ "type": "Feature", "properties": { "fid": 161182, "gref": "GOMA-BAT-336", "is_eligible": "true" }, "geometry": { "type": "Polygon", "coordinates": [ [ [ 29.183815146358732, -1.667242489864955 ], [ 29.183829450497104, -1.667215321884012 ], [ 29.183863535080462, -1.66723349476698 ], [ 29.183849230943085, -1.667260662747723 ], [ 29.183815146358732, -1.667242489864955 ] ] ] } },
{ "type": "Feature", "properties": { "fid": 161183, "gref": "GOMA-BAT-337", "is_eligible": "true" }, "geometry": { "type": "Polygon", "coordinates": [ [ [ 29.18355707189879, -1.667087787555028 ], [ 29.183586895935292, -1.666993666838228 ], [ 29.183645881380215, -1.667012594835763 ], [ 29.183616056416479, -1.667106714509744 ], [ 29.18355707189879, -1.667087787555028 ] ] ] } },
{ "type": "Feature", "properties": { "fid": 161184, "gref": "GOMA-BAT-338", "is_eligible": "true" }, "geometry": { "type": "Polygon", "coordinates": [ [ [ 29.183196318841098, -1.666906613999711 ], [ 29.18319908919328, -1.666878989996618 ], [ 29.183250554230806, -1.666884216633131 ], [ 29.183247783879526, -1.666911840635353 ], [ 29.183196318841098, -1.666906613999711 ] ] ] } },
{ "type": "Feature", "properties": { "fid": 161185, "gref": "GOMA-BAT-339", "is_eligible": "true" }, "geometry": { "type": "Polygon", "coordinates": [ [ [ 29.181563166985349, -1.665292403522687 ], [ 29.181579070237735, -1.665251762861586 ], [ 29.1816596825816, -1.665283706846657 ], [ 29.181634442451113, -1.665348207852197 ], [ 29.181601177236772, -1.665335025958852 ], [ 29.181610514118741, -1.665311165612912 ], [ 29.181563166985349, -1.665292403522687 ] ] ] } },
{ "type": "Feature", "properties": { "fid": 161186, "gref": "GOMA-BAT-340", "is_eligible": "true" }, "geometry": { "type": "Polygon", "coordinates": [ [ [ 29.183908149042253, -1.667595892456651 ], [ 29.183975200549629, -1.667584034027242 ], [ 29.183981395127372, -1.667619503469483 ], [ 29.183914343619385, -1.667631361900643 ], [ 29.183908149042253, -1.667595892456651 ] ] ] } },
{ "type": "Feature", "properties": { "fid": 161187, "gref": "GOMA-BAT-341", "is_eligible": "true" }, "geometry": { "type": "Polygon", "coordinates": [ [ [ 29.1840179328494, -1.667987728665708 ], [ 29.18404736915743, -1.66798973852304 ], [ 29.184043384070755, -1.668048842569517 ], [ 29.184013947761692, -1.668046832713285 ], [ 29.1840179328494, -1.667987728665708 ] ] ] } },
{ "type": "Feature", "properties": { "fid": 161188, "gref": "GOMA-BAT-342", "is_eligible": "true" }, "geometry": { "type": "Polygon", "coordinates": [ [ [ 29.180955676121052, -1.666228589737879 ], [ 29.180982213069271, -1.666237458341522 ], [ 29.18096771064836, -1.666281402202979 ], [ 29.180941173699104, -1.666272533599837 ], [ 29.180955676121052, -1.666228589737879 ] ] ] } },
{ "type": "Feature", "properties": { "fid": 161192, "gref": "GOMA-BAT-343", "is_eligible": "true" }, "geometry": { "type": "Polygon", "coordinates": [ [ [ 29.183191295903473, -1.668676735855597 ], [ 29.183142280031539, -1.668724339656945 ], [ 29.183100479518536, -1.668680754603726 ], [ 29.183149495393142, -1.668633150803506 ], [ 29.183191295903473, -1.668676735855597 ] ] ] } },
{ "type": "Feature", "properties": { "fid": 176484, "gref": "GOMA-BAT-344", "is_eligible": "true" }, "geometry": { "type": "Polygon", "coordinates": [ [ [ 29.18428827950736, -1.667827922247058 ], [ 29.184286246327602, -1.667876697888543 ], [ 29.18434249763418, -1.667879407646367 ], [ 29.184340464454422, -1.667833341762838 ], [ 29.18428827950736, -1.667827922247058 ] ] ] } }
]
}
